"Title","Handle","Variant Price","Variant Compare At Price","Type","Tags","Image Src","Variant Image","Body (HTML)","Published","Option1 Name","Option1 Value","Option2 Name","Option2 Value","Option3 Name","Option3 Value","Variant SKU","Variant Grams","Variant Inventory Tracker","Variant Inventory Qty","Variant Inventory Policy","Variant Fulfillment Service",,,"Variant Requires Shipping","Variant Taxable","Variant Barcode","Variant Weight Unit"
"Alexander McQueen 2305","alexander_mcqueen_2305",80,95,"Hobo bags","CClutches & Luxury bags","http://cms.devoffice.com/shopify/products/bags/alexander_mcqueen_2305_1.png","http://cms.devoffice.com/shopify/products/bags/alexander_mcqueen_2305_1.png","<p style=""text-align: left;""><strong>Welcome to the world of fashion.</strong></p>
<p style=""text-align: left;"">We are proud to present you the largest choice of handbags on the web. Here you can find a great number of different goods. Our store offers stylish, premium quality handbags at the lowest possible prices. We have a perfect reputation and great experience in this sphere and that is why our products are so popular and have many faithful fans all over the country. What we sell are not just simple handbags; the products of our shop are the part of a style because nowadays handbag is the essential detail of the women’s wardrobe.</p>
<p style=""text-align: left;""><em>We know how important it is for the modern women to have several interesting and trendy bags.</em> Nowadays fashion is an integral part of the culture and social relations. It has a great influence on our psychological condition and we often find ourselves the hostages of some brands. Nevertheless trend things give a feeling of prosperity and well-being and we obtain complete satisfaction with the help of some stylish things.</p>
<p style=""text-align: left;""><span style=""text-decoration: underline;"">So that is why we want to mark out that the goods of our store are universal because they can satisfy clients with different demands.</span> You know that our commodities are the perfect combination of the original design, fair price, brilliant durability and high quality. What can be better? Only our handbags have such unbelievable advantages and this fact proves that we are the true leaders in this sphere. We provide only branded goods - that's a part of our official policy. Even if you are not the biggest fan of fashion, our shop can still offer you some special propositions.</p>","TRUE","Color","Black","Size","small","Material","Leather",,1200,"shopify",100,"continue","manual",,,"TRUE","TRUE",,"lb"
,"alexander_mcqueen_2305",100,120,,,"http://cms.devoffice.com/shopify/products/bags/alexander_mcqueen_2305_2.png","http://cms.devoffice.com/shopify/products/bags/alexander_mcqueen_2305_2.png",,,,"White",,"small",,"Leather",,2500,"shopify",100,"deny","manual",,,"TRUE","TRUE",,"kg"
,"alexander_mcqueen_2305",125,135,,,"http://cms.devoffice.com/shopify/products/bags/alexander_mcqueen_2305_3.png","http://cms.devoffice.com/shopify/products/bags/alexander_mcqueen_2305_3.png",,,,"Black",,"medium",,"Leather",,800,"shopify",1,"deny","manual",,,"TRUE","TRUE",,"oz"
,"alexander_mcqueen_2305",150,155,,,"http://cms.devoffice.com/shopify/products/bags/alexander_mcqueen_2305_4.png","http://cms.devoffice.com/shopify/products/bags/alexander_mcqueen_2305_4.png",,,,"White",,"medium",,"Leatherette",,100,"shopify",13,"continue","manual",,,"TRUE","TRUE",,"g"
,"alexander_mcqueen_2305",,,,,"http://cms.devoffice.com/shopify/products/bags/alexander_mcqueen_2305_5.png",,,,,,,,,,,,,,,,,,,,,
"Alexander McQueen Heroine Evening Clutch","alexander_mcqueen_heroine_evening_clutch",210,,"Travel bags","Style, Color, Backpacks","http://cms.devoffice.com/shopify/products/bags/alexander_mcqueen_heroine_evening_clutch_1.png",,"<p><strong>It is like a delicious card, where you can place any image and any text that you want.</strong></p>
<p>Except for this card is edible. Do you have a wedding? A party? A family gathering? Do you want to spend an evening alone, wrapped up in a blanket, with a cup of cocoa and a couple cupcakes and finally rest from an everyday hustle?</p>
<p><em>In all these questions, we’ll help you out.</em> The most delicious cheesecakes, incredibly appetizing cookies and cupcakes are made with love and passion for you. Here you will find your favorite bread, cookies, cakes, pastries, and pies.</p>
<p>However, this is not a full list of what you may get here. Besides, you can create a cake yourself - just get ready-made ingredients, syrups, cooking creams, different toppings. If you have children, that might be a great way of spending time together, both useful for your household and for developing your child’s motor skills.  <br />Here you will find your favorite bread, cookies, cakes, pastries, and pies. However, this is not a full list of what you may get here. <span style=""text-decoration: underline;"">Besides, you can create a cake yourself</span> - just get ready-made ingredients, syrups, cooking creams, different toppings. If you have children, that might be a great way of spending time together, both useful for your household and for developing your child’s motor skills.</p>
<p>Picking up your cake from our store, you’ll be assisted with our friendly team, dive into a cozy atmosphere, lighten up your mood with the overall impression of the place. You can get a personalized bakery or pastry - don’t forget, that very personalized presents mean that you care about the person.</p>","TRUE","Title","Default Title",,,,,,0,"shopify",98,"deny","manual",,,"TRUE","TRUE",,"kg"
,"alexander_mcqueen_heroine_evening_clutch",,,,,"http://cms.devoffice.com/shopify/products/bags/alexander_mcqueen_heroine_evening_clutch_2.png",,,,,,,,,,,,,,,,,,,,,
,"alexander_mcqueen_heroine_evening_clutch",,,,,"http://cms.devoffice.com/shopify/products/bags/alexander_mcqueen_heroine_evening_clutch_3.png",,,,,,,,,,,,,,,,,,,,,
,"alexander_mcqueen_heroine_evening_clutch",,,,,"http://cms.devoffice.com/shopify/products/bags/alexander_mcqueen_heroine_evening_clutch_4.png",,,,,,,,,,,,,,,,,,,,,
,"alexander_mcqueen_heroine_evening_clutch",,,,,"http://cms.devoffice.com/shopify/products/bags/alexander_mcqueen_heroine_evening_clutch_5.png",,,,,,,,,,,,,,,,,,,,,
"Alexander McQueen Mini Heroine","alexander_mcqueen_mini_heroine",240,,"Accessories",,"http://cms.devoffice.com/shopify/products/bags/alexander_mcqueen_mini_heroine_1.png",,"<p><strong>Our store offers stylish, premium quality handbags at the lowest possible prices.</strong></p>
<p>We have a perfect reputation and great experience in this sphere and that is why our products are so popular and have many faithful fans all over the country. What we sell are not just simple handbags; the products of our shop are the part of a style because nowadays handbag is the essential detail of the women’s wardrobe. We know how important it is for the modern women to have several interesting and trendy bags. <br />Nowadays fashion is an integral part of the culture and social relations. It has a great influence on our psychological condition and we often find ourselves the hostages of some brands.</p>
<p>Nevertheless trend things give a feeling of prosperity and well-being and we obtain complete satisfaction with the help of some stylish things. So that is why we want to mark out that the goods of our store are universal because they can satisfy clients with different demands. You know that our commodities are the perfect combination of the original design, fair price, brilliant durability and high quality. <em>What can be better?</em> <strong>Only our handbags have such unbelievable advantages and this fact proves that we are the true leaders in this sphere.</strong> We provide only branded goods - that's a part of our official policy.</p>
<p>Even if you are not the biggest fan of fashion, our shop can still offer you some special propositions.</p>","TRUE","Color","Black",,,,,"327AE-6",700,,99,"deny","manual",,,"FALSE","TRUE",327038522,"kg"
,"alexander_mcqueen_mini_heroine",245,254,,,"http://cms.devoffice.com/shopify/products/bags/alexander_mcqueen_mini_heroine_2.png","http://cms.devoffice.com/shopify/products/bags/alexander_mcqueen_mini_heroine_2.png",,,,"White",,,,,"556-62225",1500,,1,"deny","manual",,,"TRUE","TRUE",48245687465,"kg"
,"alexander_mcqueen_mini_heroine",175,,,,"http://cms.devoffice.com/shopify/products/bags/alexander_mcqueen_mini_heroine_3.png",,,,,"Red",,,,,64554,300,"shopify",50,"deny","manual",,,"TRUE","TRUE",2353565467,"kg"
,"alexander_mcqueen_mini_heroine",,,,,"http://cms.devoffice.com/shopify/products/bags/alexander_mcqueen_mini_heroine_4.png",,,,,,,,,,,,,,,,,,,,,
,"alexander_mcqueen_mini_heroine",,,,,"http://cms.devoffice.com/shopify/products/bags/alexander_mcqueen_mini_heroine_5.png",,,,,,,,,,,,,,,,,,,,,
"Alexander McQueen Padlock Shopper Small","alexander_mcqueen_padlock_shopper_small",154,26,"Vintage","Vintage, Best Price","http://cms.devoffice.com/shopify/products/bags/alexander_mcqueen_padlock_shopper_small_1.png",,"<p style=""text-align: left;""><strong>Welcome to the world of fashion.</strong></p>
<p style=""text-align: left;"">We are proud to present you the largest choice of handbags on the web. Here you can find a great number of different goods. Our store offers stylish, premium quality handbags at the lowest possible prices. We have a perfect reputation and great experience in this sphere and that is why our products are so popular and have many faithful fans all over the country. What we sell are not just simple handbags; the products of our shop are the part of a style because nowadays handbag is the essential detail of the women’s wardrobe.</p>
<p style=""text-align: left;""><em>We know how important it is for the modern women to have several interesting and trendy bags.</em> Nowadays fashion is an integral part of the culture and social relations. It has a great influence on our psychological condition and we often find ourselves the hostages of some brands. Nevertheless trend things give a feeling of prosperity and well-being and we obtain complete satisfaction with the help of some stylish things.</p>
<p style=""text-align: left;""><span style=""text-decoration: underline;"">So that is why we want to mark out that the goods of our store are universal because they can satisfy clients with different demands.</span> You know that our commodities are the perfect combination of the original design, fair price, brilliant durability and high quality. What can be better? Only our handbags have such unbelievable advantages and this fact proves that we are the true leaders in this sphere. We provide only branded goods - that's a part of our official policy. Even if you are not the biggest fan of fashion, our shop can still offer you some special propositions.</p>","TRUE","Title","Default Title",,,,,327038,4500,"shopify",100,"deny","manual",,,"TRUE","TRUE","555-6322-1","kg"
,"alexander_mcqueen_padlock_shopper_small",,,,,"http://cms.devoffice.com/shopify/products/bags/alexander_mcqueen_padlock_shopper_small_2.png",,,,,,,,,,,,,,,,,,,,,
,"alexander_mcqueen_padlock_shopper_small",,,,,"http://cms.devoffice.com/shopify/products/bags/alexander_mcqueen_padlock_shopper_small_3.png",,,,,,,,,,,,,,,,,,,,,
,"alexander_mcqueen_padlock_shopper_small",,,,,"http://cms.devoffice.com/shopify/products/bags/alexander_mcqueen_padlock_shopper_small_4.png",,,,,,,,,,,,,,,,,,,,,
,"alexander_mcqueen_padlock_shopper_small",,,,,"http://cms.devoffice.com/shopify/products/bags/alexander_mcqueen_padlock_shopper_small_5.png",,,,,,,,,,,,,,,,,,,,,
"Frye Tracy Satchel","frye_tracy_satchel",120,,"Luxury bags",,"http://cms.devoffice.com/shopify/products/bags/frye_tracy_satchel_1.png",,"<p><strong>It is like a delicious card, where you can place any image and any text that you want.</strong></p>
<p>Except for this card is edible. Do you have a wedding? A party? A family gathering? Do you want to spend an evening alone, wrapped up in a blanket, with a cup of cocoa and a couple cupcakes and finally rest from an everyday hustle?</p>
<p><em>In all these questions, we’ll help you out.</em> The most delicious cheesecakes, incredibly appetizing cookies and cupcakes are made with love and passion for you. Here you will find your favorite bread, cookies, cakes, pastries, and pies.</p>
<p>However, this is not a full list of what you may get here. Besides, you can create a cake yourself - just get ready-made ingredients, syrups, cooking creams, different toppings. If you have children, that might be a great way of spending time together, both useful for your household and for developing your child’s motor skills.  <br />Here you will find your favorite bread, cookies, cakes, pastries, and pies. However, this is not a full list of what you may get here. <span style=""text-decoration: underline;"">Besides, you can create a cake yourself</span> - just get ready-made ingredients, syrups, cooking creams, different toppings. If you have children, that might be a great way of spending time together, both useful for your household and for developing your child’s motor skills.</p>
<p>Picking up your cake from our store, you’ll be assisted with our friendly team, dive into a cozy atmosphere, lighten up your mood with the overall impression of the place. You can get a personalized bakery or pastry - don’t forget, that very personalized presents mean that you care about the person.</p>","TRUE","Title","Default Title",,,,,"654654654-56",0,"shopify",0,"deny","manual",,,"TRUE","FALSE",541265746854231,"kg"
,"frye_tracy_satchel",,,,,"http://cms.devoffice.com/shopify/products/bags/frye_tracy_satchel_2.png",,,,,,,,,,,,,,,,,,,,,
,"frye_tracy_satchel",,,,,"http://cms.devoffice.com/shopify/products/bags/frye_tracy_satchel_3.png",,,,,,,,,,,,,,,,,,,,,
,"frye_tracy_satchel",,,,,"http://cms.devoffice.com/shopify/products/bags/frye_tracy_satchel_4.png",,,,,,,,,,,,,,,,,,,,,
,"frye_tracy_satchel",,,,,"http://cms.devoffice.com/shopify/products/bags/frye_tracy_satchel_5.png",,,,,,,,,,,,,,,,,,,,,
"Jean Paul Gaultier Pochette Baguette","jean_paul_gaultier_pochette_baguette",87,98,"Travel bags",,"http://cms.devoffice.com/shopify/products/bags/jean_paul_gaultier_pochette_baguette_1.png","http://cms.devoffice.com/shopify/products/bags/jean_paul_gaultier_pochette_baguette_1.png","<p><strong>Our store offers stylish, premium quality handbags at the lowest possible prices.</strong></p>
<p>We have a perfect reputation and great experience in this sphere and that is why our products are so popular and have many faithful fans all over the country. What we sell are not just simple handbags; the products of our shop are the part of a style because nowadays handbag is the essential detail of the women’s wardrobe. We know how important it is for the modern women to have several interesting and trendy bags. <br />Nowadays fashion is an integral part of the culture and social relations. It has a great influence on our psychological condition and we often find ourselves the hostages of some brands.</p>
<p>Nevertheless trend things give a feeling of prosperity and well-being and we obtain complete satisfaction with the help of some stylish things. So that is why we want to mark out that the goods of our store are universal because they can satisfy clients with different demands. You know that our commodities are the perfect combination of the original design, fair price, brilliant durability and high quality. <em>What can be better?</em> <strong>Only our handbags have such unbelievable advantages and this fact proves that we are the true leaders in this sphere.</strong> We provide only branded goods - that's a part of our official policy.</p>
<p>Even if you are not the biggest fan of fashion, our shop can still offer you some special propositions.</p>","TRUE","Color","Black","Size","small","Material","Leather",,1200,"shopify",100,"continue","manual",,,"TRUE","TRUE",,"lb"
,"jean_paul_gaultier_pochette_baguette",105,135,,,"http://cms.devoffice.com/shopify/products/bags/jean_paul_gaultier_pochette_baguette_2.png","http://cms.devoffice.com/shopify/products/bags/jean_paul_gaultier_pochette_baguette_2.png",,,,"White",,"small",,"Leather",,2500,"shopify",100,"deny","manual",,,"TRUE","TRUE",,"kg"
,"jean_paul_gaultier_pochette_baguette",110,167,,,"http://cms.devoffice.com/shopify/products/bags/jean_paul_gaultier_pochette_baguette_3.png","http://cms.devoffice.com/shopify/products/bags/jean_paul_gaultier_pochette_baguette_3.png",,,,"Black",,"medium",,"Leather",,800,"shopify",1,"deny","manual",,,"TRUE","TRUE",,"oz"
,"jean_paul_gaultier_pochette_baguette",142,165,,,"http://cms.devoffice.com/shopify/products/bags/jean_paul_gaultier_pochette_baguette_4.png","http://cms.devoffice.com/shopify/products/bags/jean_paul_gaultier_pochette_baguette_4.png",,,,"White",,"medium",,"Leatherette",,100,"shopify",13,"continue","manual",,,"TRUE","TRUE",,"g"
,"jean_paul_gaultier_pochette_baguette",,,,,"http://cms.devoffice.com/shopify/products/bags/jean_paul_gaultier_pochette_baguette_5.png",,,,,,,,,,,,,,,,,,,,,
"Marc by Marc Jacobs Too Hot To Handle Bentley","marc_by_marc_jacobs_too_hot_to_handle_bentley",105,,"Accessories","CClutches & Luxury bags","http://cms.devoffice.com/shopify/products/bags/marc_by_marc_jacobs_too_hot_to_handle_bentley_1.png",,"<p style=""text-align: left;""><strong>Welcome to the world of fashion.</strong></p>
<p style=""text-align: left;"">We are proud to present you the largest choice of handbags on the web. Here you can find a great number of different goods. Our store offers stylish, premium quality handbags at the lowest possible prices. We have a perfect reputation and great experience in this sphere and that is why our products are so popular and have many faithful fans all over the country. What we sell are not just simple handbags; the products of our shop are the part of a style because nowadays handbag is the essential detail of the women’s wardrobe.</p>
<p style=""text-align: left;""><em>We know how important it is for the modern women to have several interesting and trendy bags.</em> Nowadays fashion is an integral part of the culture and social relations. It has a great influence on our psychological condition and we often find ourselves the hostages of some brands. Nevertheless trend things give a feeling of prosperity and well-being and we obtain complete satisfaction with the help of some stylish things.</p>
<p style=""text-align: left;""><span style=""text-decoration: underline;"">So that is why we want to mark out that the goods of our store are universal because they can satisfy clients with different demands.</span> You know that our commodities are the perfect combination of the original design, fair price, brilliant durability and high quality. What can be better? Only our handbags have such unbelievable advantages and this fact proves that we are the true leaders in this sphere. We provide only branded goods - that's a part of our official policy. Even if you are not the biggest fan of fashion, our shop can still offer you some special propositions.</p>","TRUE","Title","Default Title",,,,,,0,"shopify",98,"deny","manual",,,"TRUE","TRUE",,"kg"
,"marc_by_marc_jacobs_too_hot_to_handle_bentley",,,,,"http://cms.devoffice.com/shopify/products/bags/marc_by_marc_jacobs_too_hot_to_handle_bentley_2.png",,,,,,,,,,,,,,,,,,,,,
,"marc_by_marc_jacobs_too_hot_to_handle_bentley",,,,,"http://cms.devoffice.com/shopify/products/bags/marc_by_marc_jacobs_too_hot_to_handle_bentley_3.png",,,,,,,,,,,,,,,,,,,,,
,"marc_by_marc_jacobs_too_hot_to_handle_bentley",,,,,"http://cms.devoffice.com/shopify/products/bags/marc_by_marc_jacobs_too_hot_to_handle_bentley_4.png",,,,,,,,,,,,,,,,,,,,,
,"marc_by_marc_jacobs_too_hot_to_handle_bentley",,,,,"http://cms.devoffice.com/shopify/products/bags/marc_by_marc_jacobs_too_hot_to_handle_bentley_5.png",,,,,,,,,,,,,,,,,,,,,
"McQ 1106","mcq_1106",305,,"Vintage","Style, Color, Backpacks","http://cms.devoffice.com/shopify/products/bags/mcq_1106_1.png",,"<p><strong>It is like a delicious card, where you can place any image and any text that you want.</strong></p>
<p>Except for this card is edible. Do you have a wedding? A party? A family gathering? Do you want to spend an evening alone, wrapped up in a blanket, with a cup of cocoa and a couple cupcakes and finally rest from an everyday hustle?</p>
<p><em>In all these questions, we’ll help you out.</em> The most delicious cheesecakes, incredibly appetizing cookies and cupcakes are made with love and passion for you. Here you will find your favorite bread, cookies, cakes, pastries, and pies.</p>
<p>However, this is not a full list of what you may get here. Besides, you can create a cake yourself - just get ready-made ingredients, syrups, cooking creams, different toppings. If you have children, that might be a great way of spending time together, both useful for your household and for developing your child’s motor skills.  <br />Here you will find your favorite bread, cookies, cakes, pastries, and pies. However, this is not a full list of what you may get here. <span style=""text-decoration: underline;"">Besides, you can create a cake yourself</span> - just get ready-made ingredients, syrups, cooking creams, different toppings. If you have children, that might be a great way of spending time together, both useful for your household and for developing your child’s motor skills.</p>
<p>Picking up your cake from our store, you’ll be assisted with our friendly team, dive into a cozy atmosphere, lighten up your mood with the overall impression of the place. You can get a personalized bakery or pastry - don’t forget, that very personalized presents mean that you care about the person.</p>","TRUE","Color","Black",,,,,"327AE-6",700,,99,"deny","manual",,,"FALSE","TRUE",327038522,"kg"
,"mcq_1106",140,165,,,"http://cms.devoffice.com/shopify/products/bags/mcq_1106_2.png","http://cms.devoffice.com/shopify/products/bags/mcq_1106_2.png",,,,"White",,,,,"556-62225",1500,,1,"deny","manual",,,"TRUE","TRUE",48245687465,"kg"
,"mcq_1106",134,,,,"http://cms.devoffice.com/shopify/products/bags/mcq_1106_3.png",,,,,"Red",,,,,64554,300,"shopify",50,"deny","manual",,,"TRUE","TRUE",2353565467,"kg"
,"mcq_1106",,,,,"http://cms.devoffice.com/shopify/products/bags/mcq_1106_4.png",,,,,,,,,,,,,,,,,,,,,
,"mcq_1106",,,,,"http://cms.devoffice.com/shopify/products/bags/mcq_1106_5.png",,,,,,,,,,,,,,,,,,,,,
"Michael Kors Collection Casey Large Satchel","michael_kors_collection_casey_large_satchel",185,39,"Luxury bags",,"http://cms.devoffice.com/shopify/products/bags/michael_kors_collection_casey_large_satchel_1.png",,"<p><strong>Our store offers stylish, premium quality handbags at the lowest possible prices.</strong></p>
<p>We have a perfect reputation and great experience in this sphere and that is why our products are so popular and have many faithful fans all over the country. What we sell are not just simple handbags; the products of our shop are the part of a style because nowadays handbag is the essential detail of the women’s wardrobe. We know how important it is for the modern women to have several interesting and trendy bags. <br />Nowadays fashion is an integral part of the culture and social relations. It has a great influence on our psychological condition and we often find ourselves the hostages of some brands.</p>
<p>Nevertheless trend things give a feeling of prosperity and well-being and we obtain complete satisfaction with the help of some stylish things. So that is why we want to mark out that the goods of our store are universal because they can satisfy clients with different demands. You know that our commodities are the perfect combination of the original design, fair price, brilliant durability and high quality. <em>What can be better?</em> <strong>Only our handbags have such unbelievable advantages and this fact proves that we are the true leaders in this sphere.</strong> We provide only branded goods - that's a part of our official policy.</p>
<p>Even if you are not the biggest fan of fashion, our shop can still offer you some special propositions.</p>","TRUE","Title","Default Title",,,,,327038,4500,"shopify",100,"deny","manual",,,"TRUE","TRUE","555-6322-1","kg"
,"michael_kors_collection_casey_large_satchel",,,,,"http://cms.devoffice.com/shopify/products/bags/michael_kors_collection_casey_large_satchel_2.png",,,,,,,,,,,,,,,,,,,,,
,"michael_kors_collection_casey_large_satchel",,,,,"http://cms.devoffice.com/shopify/products/bags/michael_kors_collection_casey_large_satchel_3.png",,,,,,,,,,,,,,,,,,,,,
,"michael_kors_collection_casey_large_satchel",,,,,"http://cms.devoffice.com/shopify/products/bags/michael_kors_collection_casey_large_satchel_4.png",,,,,,,,,,,,,,,,,,,,,
,"michael_kors_collection_casey_large_satchel",,,,,"http://cms.devoffice.com/shopify/products/bags/michael_kors_collection_casey_large_satchel_5.png",,,,,,,,,,,,,,,,,,,,,
"Michael Kors Collection Casey Small Satchel","michael_kors_collection_casey_small_satchel",340,,"Hobo bags","Vintage, Best Price","http://cms.devoffice.com/shopify/products/bags/michael_kors_collection_casey_small_satchel_1.png",,"<p style=""text-align: left;""><strong>Welcome to the world of fashion.</strong></p>
<p style=""text-align: left;"">We are proud to present you the largest choice of handbags on the web. Here you can find a great number of different goods. Our store offers stylish, premium quality handbags at the lowest possible prices. We have a perfect reputation and great experience in this sphere and that is why our products are so popular and have many faithful fans all over the country. What we sell are not just simple handbags; the products of our shop are the part of a style because nowadays handbag is the essential detail of the women’s wardrobe.</p>
<p style=""text-align: left;""><em>We know how important it is for the modern women to have several interesting and trendy bags.</em> Nowadays fashion is an integral part of the culture and social relations. It has a great influence on our psychological condition and we often find ourselves the hostages of some brands. Nevertheless trend things give a feeling of prosperity and well-being and we obtain complete satisfaction with the help of some stylish things.</p>
<p style=""text-align: left;""><span style=""text-decoration: underline;"">So that is why we want to mark out that the goods of our store are universal because they can satisfy clients with different demands.</span> You know that our commodities are the perfect combination of the original design, fair price, brilliant durability and high quality. What can be better? Only our handbags have such unbelievable advantages and this fact proves that we are the true leaders in this sphere. We provide only branded goods - that's a part of our official policy. Even if you are not the biggest fan of fashion, our shop can still offer you some special propositions.</p>","TRUE","Title","Default Title",,,,,"654654654-56",0,"shopify",0,"deny","manual",,,"TRUE","FALSE",541265746854231,"kg"
,"michael_kors_collection_casey_small_satchel",,,,,"http://cms.devoffice.com/shopify/products/bags/michael_kors_collection_casey_small_satchel_2.png",,,,,,,,,,,,,,,,,,,,,
,"michael_kors_collection_casey_small_satchel",,,,,"http://cms.devoffice.com/shopify/products/bags/michael_kors_collection_casey_small_satchel_3.png",,,,,,,,,,,,,,,,,,,,,
,"michael_kors_collection_casey_small_satchel",,,,,"http://cms.devoffice.com/shopify/products/bags/michael_kors_collection_casey_small_satchel_4.png",,,,,,,,,,,,,,,,,,,,,
,"michael_kors_collection_casey_small_satchel",,,,,"http://cms.devoffice.com/shopify/products/bags/michael_kors_collection_casey_small_satchel_5.png",,,,,,,,,,,,,,,,,,,,,
"Michael Kors Collection Jaryn Large Tote","michael_kors_collection_jaryn_large_tote",105,123,"Vintage","CClutches & Luxury bags","http://cms.devoffice.com/shopify/products/bags/michael_kors_collection_jaryn_large_tote_1.png","http://cms.devoffice.com/shopify/products/bags/michael_kors_collection_jaryn_large_tote_1.png","<p><strong>It is like a delicious card, where you can place any image and any text that you want.</strong></p>
<p>Except for this card is edible. Do you have a wedding? A party? A family gathering? Do you want to spend an evening alone, wrapped up in a blanket, with a cup of cocoa and a couple cupcakes and finally rest from an everyday hustle?</p>
<p><em>In all these questions, we’ll help you out.</em> The most delicious cheesecakes, incredibly appetizing cookies and cupcakes are made with love and passion for you. Here you will find your favorite bread, cookies, cakes, pastries, and pies.</p>
<p>However, this is not a full list of what you may get here. Besides, you can create a cake yourself - just get ready-made ingredients, syrups, cooking creams, different toppings. If you have children, that might be a great way of spending time together, both useful for your household and for developing your child’s motor skills.  <br />Here you will find your favorite bread, cookies, cakes, pastries, and pies. However, this is not a full list of what you may get here. <span style=""text-decoration: underline;"">Besides, you can create a cake yourself</span> - just get ready-made ingredients, syrups, cooking creams, different toppings. If you have children, that might be a great way of spending time together, both useful for your household and for developing your child’s motor skills.</p>
<p>Picking up your cake from our store, you’ll be assisted with our friendly team, dive into a cozy atmosphere, lighten up your mood with the overall impression of the place. You can get a personalized bakery or pastry - don’t forget, that very personalized presents mean that you care about the person.</p>","TRUE","Color","Black","Size","small","Material","Leather",,1200,"shopify",100,"continue","manual",,,"TRUE","TRUE",,"lb"
,"michael_kors_collection_jaryn_large_tote",116,123,,,"http://cms.devoffice.com/shopify/products/bags/michael_kors_collection_jaryn_large_tote_2.png","http://cms.devoffice.com/shopify/products/bags/michael_kors_collection_jaryn_large_tote_2.png",,,,"White",,"small",,"Leather",,2500,"shopify",100,"deny","manual",,,"TRUE","TRUE",,"kg"
,"michael_kors_collection_jaryn_large_tote",120,166,,,"http://cms.devoffice.com/shopify/products/bags/michael_kors_collection_jaryn_large_tote_3.png","http://cms.devoffice.com/shopify/products/bags/michael_kors_collection_jaryn_large_tote_3.png",,,,"Black",,"medium",,"Leather",,800,"shopify",1,"deny","manual",,,"TRUE","TRUE",,"oz"
,"michael_kors_collection_jaryn_large_tote",132,144,,,"http://cms.devoffice.com/shopify/products/bags/michael_kors_collection_jaryn_large_tote_4.png","http://cms.devoffice.com/shopify/products/bags/michael_kors_collection_jaryn_large_tote_4.png",,,,"White",,"medium",,"Leatherette",,100,"shopify",13,"continue","manual",,,"TRUE","TRUE",,"g"
,"michael_kors_collection_jaryn_large_tote",,,,,"http://cms.devoffice.com/shopify/products/bags/michael_kors_collection_jaryn_large_tote_5.png",,,,,,,,,,,,,,,,,,,,,
"Michael Kors Collection Miranda Shopper","michael_kors_collection_miranda_shopper",300,,"Luxury bags",,"http://cms.devoffice.com/shopify/products/bags/michael_kors_collection_miranda_shopper_1.png",,"<p><strong>Our store offers stylish, premium quality handbags at the lowest possible prices.</strong></p>
<p>We have a perfect reputation and great experience in this sphere and that is why our products are so popular and have many faithful fans all over the country. What we sell are not just simple handbags; the products of our shop are the part of a style because nowadays handbag is the essential detail of the women’s wardrobe. We know how important it is for the modern women to have several interesting and trendy bags. <br />Nowadays fashion is an integral part of the culture and social relations. It has a great influence on our psychological condition and we often find ourselves the hostages of some brands.</p>
<p>Nevertheless trend things give a feeling of prosperity and well-being and we obtain complete satisfaction with the help of some stylish things. So that is why we want to mark out that the goods of our store are universal because they can satisfy clients with different demands. You know that our commodities are the perfect combination of the original design, fair price, brilliant durability and high quality. <em>What can be better?</em> <strong>Only our handbags have such unbelievable advantages and this fact proves that we are the true leaders in this sphere.</strong> We provide only branded goods - that's a part of our official policy.</p>
<p>Even if you are not the biggest fan of fashion, our shop can still offer you some special propositions.</p>","TRUE","Title","Default Title",,,,,,0,"shopify",98,"deny","manual",,,"TRUE","TRUE",,"kg"
,"michael_kors_collection_miranda_shopper",,,,,"http://cms.devoffice.com/shopify/products/bags/michael_kors_collection_miranda_shopper_2.png",,,,,,,,,,,,,,,,,,,,,
,"michael_kors_collection_miranda_shopper",,,,,"http://cms.devoffice.com/shopify/products/bags/michael_kors_collection_miranda_shopper_3.png",,,,,,,,,,,,,,,,,,,,,
,"michael_kors_collection_miranda_shopper",,,,,"http://cms.devoffice.com/shopify/products/bags/michael_kors_collection_miranda_shopper_4.png",,,,,,,,,,,,,,,,,,,,,
,"michael_kors_collection_miranda_shopper",,,,,"http://cms.devoffice.com/shopify/products/bags/michael_kors_collection_miranda_shopper_5.png",,,,,,,,,,,,,,,,,,,,,
"Michael Kors Collection Miranda Shoulder","michael_kors_collection_miranda_shoulder",220,,"Hobo bags","Vintage, Best Price","http://cms.devoffice.com/shopify/products/bags/michael_kors_collection_miranda_shoulder_1.png",,"<p style=""text-align: left;""><strong>Welcome to the world of fashion.</strong></p>
<p style=""text-align: left;"">We are proud to present you the largest choice of handbags on the web. Here you can find a great number of different goods. Our store offers stylish, premium quality handbags at the lowest possible prices. We have a perfect reputation and great experience in this sphere and that is why our products are so popular and have many faithful fans all over the country. What we sell are not just simple handbags; the products of our shop are the part of a style because nowadays handbag is the essential detail of the women’s wardrobe.</p>
<p style=""text-align: left;""><em>We know how important it is for the modern women to have several interesting and trendy bags.</em> Nowadays fashion is an integral part of the culture and social relations. It has a great influence on our psychological condition and we often find ourselves the hostages of some brands. Nevertheless trend things give a feeling of prosperity and well-being and we obtain complete satisfaction with the help of some stylish things.</p>
<p style=""text-align: left;""><span style=""text-decoration: underline;"">So that is why we want to mark out that the goods of our store are universal because they can satisfy clients with different demands.</span> You know that our commodities are the perfect combination of the original design, fair price, brilliant durability and high quality. What can be better? Only our handbags have such unbelievable advantages and this fact proves that we are the true leaders in this sphere. We provide only branded goods - that's a part of our official policy. Even if you are not the biggest fan of fashion, our shop can still offer you some special propositions.</p>","TRUE","Color","Black",,,,,"327AE-6",700,,99,"deny","manual",,,"FALSE","TRUE",327038522,"kg"
,"michael_kors_collection_miranda_shoulder",250,280,,,"http://cms.devoffice.com/shopify/products/bags/michael_kors_collection_miranda_shoulder_2.png","http://cms.devoffice.com/shopify/products/bags/michael_kors_collection_miranda_shoulder_2.png",,,,"White",,,,,"556-62225",1500,,1,"deny","manual",,,"TRUE","TRUE",48245687465,"kg"
,"michael_kors_collection_miranda_shoulder",290,,,,"http://cms.devoffice.com/shopify/products/bags/michael_kors_collection_miranda_shoulder_3.png",,,,,"Red",,,,,64554,300,"shopify",50,"deny","manual",,,"TRUE","TRUE",2353565467,"kg"
,"michael_kors_collection_miranda_shoulder",,,,,"http://cms.devoffice.com/shopify/products/bags/michael_kors_collection_miranda_shoulder_4.png",,,,,,,,,,,,,,,,,,,,,
,"michael_kors_collection_miranda_shoulder",,,,,"http://cms.devoffice.com/shopify/products/bags/michael_kors_collection_miranda_shoulder_5.png",,,,,,,,,,,,,,,,,,,,,
"Salvatore Ferragamo Fiamma","salvatore_ferragamo_fiamma",220,33,"Luxury bags","CClutches & Luxury bags","http://cms.devoffice.com/shopify/products/bags/salvatore_ferragamo_fiamma_1.png",,"<p><strong>It is like a delicious card, where you can place any image and any text that you want.</strong></p>
<p>Except for this card is edible. Do you have a wedding? A party? A family gathering? Do you want to spend an evening alone, wrapped up in a blanket, with a cup of cocoa and a couple cupcakes and finally rest from an everyday hustle?</p>
<p><em>In all these questions, we’ll help you out.</em> The most delicious cheesecakes, incredibly appetizing cookies and cupcakes are made with love and passion for you. Here you will find your favorite bread, cookies, cakes, pastries, and pies.</p>
<p>However, this is not a full list of what you may get here. Besides, you can create a cake yourself - just get ready-made ingredients, syrups, cooking creams, different toppings. If you have children, that might be a great way of spending time together, both useful for your household and for developing your child’s motor skills.  <br />Here you will find your favorite bread, cookies, cakes, pastries, and pies. However, this is not a full list of what you may get here. <span style=""text-decoration: underline;"">Besides, you can create a cake yourself</span> - just get ready-made ingredients, syrups, cooking creams, different toppings. If you have children, that might be a great way of spending time together, both useful for your household and for developing your child’s motor skills.</p>
<p>Picking up your cake from our store, you’ll be assisted with our friendly team, dive into a cozy atmosphere, lighten up your mood with the overall impression of the place. You can get a personalized bakery or pastry - don’t forget, that very personalized presents mean that you care about the person.</p>","TRUE","Title","Default Title",,,,,327038,4500,"shopify",100,"deny","manual",,,"TRUE","TRUE","555-6322-1","kg"
,"salvatore_ferragamo_fiamma",,,,,"http://cms.devoffice.com/shopify/products/bags/salvatore_ferragamo_fiamma_2.png",,,,,,,,,,,,,,,,,,,,,
,"salvatore_ferragamo_fiamma",,,,,"http://cms.devoffice.com/shopify/products/bags/salvatore_ferragamo_fiamma_3.png",,,,,,,,,,,,,,,,,,,,,
,"salvatore_ferragamo_fiamma",,,,,"http://cms.devoffice.com/shopify/products/bags/salvatore_ferragamo_fiamma_4.png",,,,,,,,,,,,,,,,,,,,,
,"salvatore_ferragamo_fiamma",,,,,"http://cms.devoffice.com/shopify/products/bags/salvatore_ferragamo_fiamma_5.png",,,,,,,,,,,,,,,,,,,,,
"Salvatore Ferragamo Sofia","salvatore_ferragamo_sofia",223,,"Hobo bags","Style, Color, Backpacks","http://cms.devoffice.com/shopify/products/bags/salvatore_ferragamo_sofia_1.png",,"<p><strong>Our store offers stylish, premium quality handbags at the lowest possible prices.</strong></p>
<p>We have a perfect reputation and great experience in this sphere and that is why our products are so popular and have many faithful fans all over the country. What we sell are not just simple handbags; the products of our shop are the part of a style because nowadays handbag is the essential detail of the women’s wardrobe. We know how important it is for the modern women to have several interesting and trendy bags. <br />Nowadays fashion is an integral part of the culture and social relations. It has a great influence on our psychological condition and we often find ourselves the hostages of some brands.</p>
<p>Nevertheless trend things give a feeling of prosperity and well-being and we obtain complete satisfaction with the help of some stylish things. So that is why we want to mark out that the goods of our store are universal because they can satisfy clients with different demands. You know that our commodities are the perfect combination of the original design, fair price, brilliant durability and high quality. <em>What can be better?</em> <strong>Only our handbags have such unbelievable advantages and this fact proves that we are the true leaders in this sphere.</strong> We provide only branded goods - that's a part of our official policy.</p>
<p>Even if you are not the biggest fan of fashion, our shop can still offer you some special propositions.</p>","TRUE","Title","Default Title",,,,,"654654654-56",0,"shopify",0,"deny","manual",,,"TRUE","FALSE",541265746854231,"kg"
,"salvatore_ferragamo_sofia",,,,,"http://cms.devoffice.com/shopify/products/bags/salvatore_ferragamo_sofia_2.png",,,,,,,,,,,,,,,,,,,,,
,"salvatore_ferragamo_sofia",,,,,"http://cms.devoffice.com/shopify/products/bags/salvatore_ferragamo_sofia_3.png",,,,,,,,,,,,,,,,,,,,,
,"salvatore_ferragamo_sofia",,,,,"http://cms.devoffice.com/shopify/products/bags/salvatore_ferragamo_sofia_4.png",,,,,,,,,,,,,,,,,,,,,
,"salvatore_ferragamo_sofia",,,,,"http://cms.devoffice.com/shopify/products/bags/salvatore_ferragamo_sofia_5.png",,,,,,,,,,,,,,,,,,,,,
"Stuart Weitzman Diplomacy","stuart_weitzman_diplomacy",160,200,"Vintage",,"http://cms.devoffice.com/shopify/products/bags/stuart_weitzman_diplomacy_1.png","http://cms.devoffice.com/shopify/products/bags/stuart_weitzman_diplomacy_1.png","<p style=""text-align: left;""><strong>Welcome to the world of fashion.</strong></p>
<p style=""text-align: left;"">We are proud to present you the largest choice of handbags on the web. Here you can find a great number of different goods. Our store offers stylish, premium quality handbags at the lowest possible prices. We have a perfect reputation and great experience in this sphere and that is why our products are so popular and have many faithful fans all over the country. What we sell are not just simple handbags; the products of our shop are the part of a style because nowadays handbag is the essential detail of the women’s wardrobe.</p>
<p style=""text-align: left;""><em>We know how important it is for the modern women to have several interesting and trendy bags.</em> Nowadays fashion is an integral part of the culture and social relations. It has a great influence on our psychological condition and we often find ourselves the hostages of some brands. Nevertheless trend things give a feeling of prosperity and well-being and we obtain complete satisfaction with the help of some stylish things.</p>
<p style=""text-align: left;""><span style=""text-decoration: underline;"">So that is why we want to mark out that the goods of our store are universal because they can satisfy clients with different demands.</span> You know that our commodities are the perfect combination of the original design, fair price, brilliant durability and high quality. What can be better? Only our handbags have such unbelievable advantages and this fact proves that we are the true leaders in this sphere. We provide only branded goods - that's a part of our official policy. Even if you are not the biggest fan of fashion, our shop can still offer you some special propositions.</p>","TRUE","Color","Black","Size","small","Material","Leather",,1200,"shopify",100,"continue","manual",,,"TRUE","TRUE",,"lb"
,"stuart_weitzman_diplomacy",300,350,,,"http://cms.devoffice.com/shopify/products/bags/stuart_weitzman_diplomacy_2.png","http://cms.devoffice.com/shopify/products/bags/stuart_weitzman_diplomacy_2.png",,,,"White",,"small",,"Leather",,2500,"shopify",100,"deny","manual",,,"TRUE","TRUE",,"kg"
,"stuart_weitzman_diplomacy",120,220,,,"http://cms.devoffice.com/shopify/products/bags/stuart_weitzman_diplomacy_3.png","http://cms.devoffice.com/shopify/products/bags/stuart_weitzman_diplomacy_3.png",,,,"Black",,"medium",,"Leather",,800,"shopify",1,"deny","manual",,,"TRUE","TRUE",,"oz"
,"stuart_weitzman_diplomacy",180,224,,,"http://cms.devoffice.com/shopify/products/bags/stuart_weitzman_diplomacy_4.png","http://cms.devoffice.com/shopify/products/bags/stuart_weitzman_diplomacy_4.png",,,,"White",,"medium",,"Leatherette",,100,"shopify",13,"continue","manual",,,"TRUE","TRUE",,"g"
,"stuart_weitzman_diplomacy",,,,,"http://cms.devoffice.com/shopify/products/bags/stuart_weitzman_diplomacy_5.png",,,,,,,,,,,,,,,,,,,,,
"Valentino Bags by Mario Valentino Copia","valentino_bags_by_mario_valentino_copia",315,,"Travel bags","Vintage, Best Price","http://cms.devoffice.com/shopify/products/bags/valentino_bags_by_mario_valentino_copia_1.png",,"<p><strong>It is like a delicious card, where you can place any image and any text that you want.</strong></p>
<p>Except for this card is edible. Do you have a wedding? A party? A family gathering? Do you want to spend an evening alone, wrapped up in a blanket, with a cup of cocoa and a couple cupcakes and finally rest from an everyday hustle?</p>
<p><em>In all these questions, we’ll help you out.</em> The most delicious cheesecakes, incredibly appetizing cookies and cupcakes are made with love and passion for you. Here you will find your favorite bread, cookies, cakes, pastries, and pies.</p>
<p>However, this is not a full list of what you may get here. Besides, you can create a cake yourself - just get ready-made ingredients, syrups, cooking creams, different toppings. If you have children, that might be a great way of spending time together, both useful for your household and for developing your child’s motor skills.  <br />Here you will find your favorite bread, cookies, cakes, pastries, and pies. However, this is not a full list of what you may get here. <span style=""text-decoration: underline;"">Besides, you can create a cake yourself</span> - just get ready-made ingredients, syrups, cooking creams, different toppings. If you have children, that might be a great way of spending time together, both useful for your household and for developing your child’s motor skills.</p>
<p>Picking up your cake from our store, you’ll be assisted with our friendly team, dive into a cozy atmosphere, lighten up your mood with the overall impression of the place. You can get a personalized bakery or pastry - don’t forget, that very personalized presents mean that you care about the person.</p>","TRUE","Title","Default Title",,,,,,0,"shopify",98,"deny","manual",,,"TRUE","TRUE",,"kg"
,"valentino_bags_by_mario_valentino_copia",,,,,"http://cms.devoffice.com/shopify/products/bags/valentino_bags_by_mario_valentino_copia_2.png",,,,,,,,,,,,,,,,,,,,,
,"valentino_bags_by_mario_valentino_copia",,,,,"http://cms.devoffice.com/shopify/products/bags/valentino_bags_by_mario_valentino_copia_3.png",,,,,,,,,,,,,,,,,,,,,
,"valentino_bags_by_mario_valentino_copia",,,,,"http://cms.devoffice.com/shopify/products/bags/valentino_bags_by_mario_valentino_copia_4.png",,,,,,,,,,,,,,,,,,,,,
,"valentino_bags_by_mario_valentino_copia",,,,,"http://cms.devoffice.com/shopify/products/bags/valentino_bags_by_mario_valentino_copia_5.png",,,,,,,,,,,,,,,,,,,,,
"Versace Collection Bowler Bag","versace_collection_bowler_bag",330,,"Hobo bags","CClutches & Luxury bags","http://cms.devoffice.com/shopify/products/bags/versace_collection_bowler_bag_1.png",,"<p><strong>Our store offers stylish, premium quality handbags at the lowest possible prices.</strong></p>
<p>We have a perfect reputation and great experience in this sphere and that is why our products are so popular and have many faithful fans all over the country. What we sell are not just simple handbags; the products of our shop are the part of a style because nowadays handbag is the essential detail of the women’s wardrobe. We know how important it is for the modern women to have several interesting and trendy bags. <br />Nowadays fashion is an integral part of the culture and social relations. It has a great influence on our psychological condition and we often find ourselves the hostages of some brands.</p>
<p>Nevertheless trend things give a feeling of prosperity and well-being and we obtain complete satisfaction with the help of some stylish things. So that is why we want to mark out that the goods of our store are universal because they can satisfy clients with different demands. You know that our commodities are the perfect combination of the original design, fair price, brilliant durability and high quality. <em>What can be better?</em> <strong>Only our handbags have such unbelievable advantages and this fact proves that we are the true leaders in this sphere.</strong> We provide only branded goods - that's a part of our official policy.</p>
<p>Even if you are not the biggest fan of fashion, our shop can still offer you some special propositions.</p>","TRUE","Color","Black",,,,,"327AE-6",700,,99,"deny","manual",,,"FALSE","TRUE",327038522,"kg"
,"versace_collection_bowler_bag",290,316,,,"http://cms.devoffice.com/shopify/products/bags/versace_collection_bowler_bag_2.png","http://cms.devoffice.com/shopify/products/bags/versace_collection_bowler_bag_2.png",,,,"White",,,,,"556-62225",1500,,1,"deny","manual",,,"TRUE","TRUE",48245687465,"kg"
,"versace_collection_bowler_bag",317,,,,"http://cms.devoffice.com/shopify/products/bags/versace_collection_bowler_bag_3.png",,,,,"Red",,,,,64554,300,"shopify",50,"deny","manual",,,"TRUE","TRUE",2353565467,"kg"
,"versace_collection_bowler_bag",,,,,"http://cms.devoffice.com/shopify/products/bags/versace_collection_bowler_bag_4.png",,,,,,,,,,,,,,,,,,,,,
,"versace_collection_bowler_bag",,,,,"http://cms.devoffice.com/shopify/products/bags/versace_collection_bowler_bag_5.png",,,,,,,,,,,,,,,,,,,,,
"Vivienne Westwood Opio Saffiano Small Handbag","vivienne_westwood_opio_saffiano_small_handbag",200,225,"Accessories","Style, Color, Backpacks","http://cms.devoffice.com/shopify/products/bags/vivienne_westwood_opio_saffiano_small_handbag_1.png",,"<p><strong>It is like a delicious card, where you can place any image and any text that you want.</strong></p>
<p>Except for this card is edible. Do you have a wedding? A party? A family gathering? Do you want to spend an evening alone, wrapped up in a blanket, with a cup of cocoa and a couple cupcakes and finally rest from an everyday hustle?</p>
<p><em>In all these questions, we’ll help you out.</em> The most delicious cheesecakes, incredibly appetizing cookies and cupcakes are made with love and passion for you. Here you will find your favorite bread, cookies, cakes, pastries, and pies.</p>
<p>However, this is not a full list of what you may get here. Besides, you can create a cake yourself - just get ready-made ingredients, syrups, cooking creams, different toppings. If you have children, that might be a great way of spending time together, both useful for your household and for developing your child’s motor skills.  <br />Here you will find your favorite bread, cookies, cakes, pastries, and pies. However, this is not a full list of what you may get here. <span style=""text-decoration: underline;"">Besides, you can create a cake yourself</span> - just get ready-made ingredients, syrups, cooking creams, different toppings. If you have children, that might be a great way of spending time together, both useful for your household and for developing your child’s motor skills.</p>
<p>Picking up your cake from our store, you’ll be assisted with our friendly team, dive into a cozy atmosphere, lighten up your mood with the overall impression of the place. You can get a personalized bakery or pastry - don’t forget, that very personalized presents mean that you care about the person.</p>","TRUE","Title","Default Title",,,,,327038,4500,"shopify",100,"deny","manual",,,"TRUE","TRUE","555-6322-1","kg"
,"vivienne_westwood_opio_saffiano_small_handbag",,,,,"http://cms.devoffice.com/shopify/products/bags/vivienne_westwood_opio_saffiano_small_handbag_2.png",,,,,,,,,,,,,,,,,,,,,
,"vivienne_westwood_opio_saffiano_small_handbag",,,,,"http://cms.devoffice.com/shopify/products/bags/vivienne_westwood_opio_saffiano_small_handbag_3.png",,,,,,,,,,,,,,,,,,,,,
,"vivienne_westwood_opio_saffiano_small_handbag",,,,,"http://cms.devoffice.com/shopify/products/bags/vivienne_westwood_opio_saffiano_small_handbag_4.png",,,,,,,,,,,,,,,,,,,,,
,"vivienne_westwood_opio_saffiano_small_handbag",,,,,"http://cms.devoffice.com/shopify/products/bags/vivienne_westwood_opio_saffiano_small_handbag_5.png",,,,,,,,,,,,,,,,,,,,,
"Vivienne Westwood Plaid Tote","vivienne_westwood_plaid_tote",165,,"Luxury bags","Style, Color, Backpacks","http://cms.devoffice.com/shopify/products/bags/vivienne_westwood_plaid_tote_1.png",,"<p><strong>Our store offers stylish, premium quality handbags at the lowest possible prices.</strong></p>
<p>We have a perfect reputation and great experience in this sphere and that is why our products are so popular and have many faithful fans all over the country. What we sell are not just simple handbags; the products of our shop are the part of a style because nowadays handbag is the essential detail of the women’s wardrobe. We know how important it is for the modern women to have several interesting and trendy bags. <br />Nowadays fashion is an integral part of the culture and social relations. It has a great influence on our psychological condition and we often find ourselves the hostages of some brands.</p>
<p>Nevertheless trend things give a feeling of prosperity and well-being and we obtain complete satisfaction with the help of some stylish things. So that is why we want to mark out that the goods of our store are universal because they can satisfy clients with different demands. You know that our commodities are the perfect combination of the original design, fair price, brilliant durability and high quality. <em>What can be better?</em> <strong>Only our handbags have such unbelievable advantages and this fact proves that we are the true leaders in this sphere.</strong> We provide only branded goods - that's a part of our official policy.</p>
<p>Even if you are not the biggest fan of fashion, our shop can still offer you some special propositions.</p>","TRUE","Title","Default Title",,,,,"654654654-56",0,"shopify",0,"deny","manual",,,"TRUE","FALSE",541265746854231,"kg"
,"vivienne_westwood_plaid_tote",,,,,"http://cms.devoffice.com/shopify/products/bags/vivienne_westwood_plaid_tote_2.png",,,,,,,,,,,,,,,,,,,,,
,"vivienne_westwood_plaid_tote",,,,,"http://cms.devoffice.com/shopify/products/bags/vivienne_westwood_plaid_tote_3.png",,,,,,,,,,,,,,,,,,,,,
,"vivienne_westwood_plaid_tote",,,,,"http://cms.devoffice.com/shopify/products/bags/vivienne_westwood_plaid_tote_4.png",,,,,,,,,,,,,,,,,,,,,
,"vivienne_westwood_plaid_tote",,,,,"http://cms.devoffice.com/shopify/products/bags/vivienne_westwood_plaid_tote_5.png",,,,,,,,,,,,,,,,,,,,,
