Handle,Title,Body (HTML),Vendor,Type,Tags,Published,Option1 Name,Option1 Value,Option2 Name,Option2 Value,Option3 Name,Option3 Value,Variant SKU,Variant Grams,Variant Inventory Tracker,Variant Inventory Qty,Variant Inventory Policy,Variant Fulfillment Service,Variant Price,Variant Compare At Price,Variant Requires Shipping,Variant Taxable,Variant Barcode,Image Src,Image Position,Image Alt Text,Gift Card,SEO Title,SEO Description,Google Shopping / Google Product Category,Google Shopping / Gender,Google Shopping / Age Group,Google Shopping / MPN,Google Shopping / AdWords Grouping,Google Shopping / AdWords Labels,Google Shopping / Condition,Google Shopping / Custom Product,Google Shopping / Custom Label 0,Google Shopping / Custom Label 1,Google Shopping / Custom Label 2,Google Shopping / Custom Label 3,Google Shopping / Custom Label 4,Variant Image,Variant Weight Unit,Variant Tax Code,Cost per item,Price / DE,Compare At Price / DE,Price / GB,Compare At Price / GB,Status
white-leather-look-lace-up-trainers,White Leather Look Lace Up Trainers,"<div class=""content col-6"">
<h2>Subtitle </h2>
<p>Adipiscing elit, sed do eiusmod tempor incididunt ut labore et dolore magna aliqua. Ut enim ad minim veniam, quis nostrud exercitation ullamco laboris nisi ut aliquip ex ea commodo consequat.</p>
<ul>
<li>Dolor sit amet, consectetur adipiscing elit</li>
<li>Sed do eiusmod tempor</li>
<li>ncididunt ut labore et dolore magna aliqua</li>
<li>Enim ad minim veniam</li>
</ul>
</div>
<div class=""image col-6"">
<p><span><img src=""https://cdn.shopify.com/s/files/1/0534/4690/1941/files/Rectangle_570x300.png?v=1611831450"" alt=""""></span></p>
</div>",OldNavy,Shoes,Trainer,true,Title,Default Title,,,,,654654654-56,0.0,shopify,0,deny,manual,152.00,,true,false,'541265746854231,https://cdn.shopify.com/s/files/1/0551/8001/products/white_leather_look_lace_up_trainers_1_ec060052-c676-4f13-9b79-fe27e6588e2e.jpg?v=1611842184,1,,false,,,,,,,,,,,,,,,,,kg,,,,,,,active
white-leather-look-lace-up-trainers,,,,,,,,,,,,,,,,,,,,,,,,https://cdn.shopify.com/s/files/1/0551/8001/products/white_leather_look_lace_up_trainers_2_5e321cbc-6da2-4ada-b426-cc3dfd1cfdf8.jpg?v=1611842184,2,,,,,,,,,,,,,,,,,,,,,,,,,,
white-leather-look-lace-up-trainers,,,,,,,,,,,,,,,,,,,,,,,,https://cdn.shopify.com/s/files/1/0551/8001/products/white_leather_look_lace_up_trainers_3_2ce6620f-b360-4496-bd47-df3c2335570c.jpg?v=1611842184,3,,,,,,,,,,,,,,,,,,,,,,,,,,
white-leather-look-lace-up-trainers,,,,,,,,,,,,,,,,,,,,,,,,https://cdn.shopify.com/s/files/1/0551/8001/products/white_leather_look_lace_up_trainers_4_0a0ac14f-718f-4d7a-b386-7493273b8a09.jpg?v=1611842184,4,,,,,,,,,,,,,,,,,,,,,,,,,,
white-leather-look-lace-up-trainers,,,,,,,,,,,,,,,,,,,,,,,,https://cdn.shopify.com/s/files/1/0551/8001/products/white_leather_look_lace_up_trainers_5_42edd4e8-c182-4c50-b234-77836a79c9bc.jpg?v=1611842184,5,,,,,,,,,,,,,,,,,,,,,,,,,,
white-canvas-stripe-sole-trainers,White Canvas Stripe Sole Trainers,"<div class=""content col-6"">
<h2>Subtitle </h2>
<p>Adipiscing elit, sed do eiusmod tempor incididunt ut labore et dolore magna aliqua. Ut enim ad minim veniam, quis nostrud exercitation ullamco laboris nisi ut aliquip ex ea commodo consequat.</p>
<ul>
<li>Dolor sit amet, consectetur adipiscing elit</li>
<li>Sed do eiusmod tempor</li>
<li>ncididunt ut labore et dolore magna aliqua</li>
<li>Enim ad minim veniam</li>
</ul>
</div>
<div class=""image col-6"">
<p><span><img src=""https://cdn.shopify.com/s/files/1/0534/4690/1941/files/Rectangle_570x300.png?v=1611831450"" alt=""""></span></p>
</div>",H&M,Shoes,Trainer,true,Title,Default Title,,,,,'327038,32600.0,shopify,100,deny,manual,115.00,149.00,true,true,555-6322-1,https://cdn.shopify.com/s/files/1/0551/8001/products/white_canvas_stripe_sole_trainers_1_37a479c7-29b5-4625-905c-98b8bc40023e.jpg?v=1611842171,1,,false,,,,,,,,,,,,,,,,,kg,,,,,,,active
white-canvas-stripe-sole-trainers,,,,,,,,,,,,,,,,,,,,,,,,https://cdn.shopify.com/s/files/1/0551/8001/products/white_canvas_stripe_sole_trainers_2_a2afb543-5bd7-46da-9618-5546b5e84095.jpg?v=1611842171,2,,,,,,,,,,,,,,,,,,,,,,,,,,
white-canvas-stripe-sole-trainers,,,,,,,,,,,,,,,,,,,,,,,,https://cdn.shopify.com/s/files/1/0551/8001/products/white_canvas_stripe_sole_trainers_3_9e735d73-4da1-4c55-aea9-a181664ba98e.jpg?v=1611842171,3,,,,,,,,,,,,,,,,,,,,,,,,,,
white-canvas-stripe-sole-trainers,,,,,,,,,,,,,,,,,,,,,,,,https://cdn.shopify.com/s/files/1/0551/8001/products/white_canvas_stripe_sole_trainers_4_b5087508-517b-47ec-9cc3-dfe4250f6f6b.jpg?v=1611842171,4,,,,,,,,,,,,,,,,,,,,,,,,,,
white-canvas-stripe-sole-trainers,,,,,,,,,,,,,,,,,,,,,,,,https://cdn.shopify.com/s/files/1/0551/8001/products/white_canvas_stripe_sole_trainers_5_3bf31d80-8c81-4e1e-afde-efa29962c666.jpg?v=1611842171,5,,,,,,,,,,,,,,,,,,,,,,,,,,
stone-pique-collared-zip-front-polo-top,Stone Pique Collared Zip Front Polo Top,"<p>Fashion has always been so temporary and uncertain. You can’t keep up with it. This social phenomenon is very whimsical, thus we as the consumers always try to stay in touch with all the latest fashion tendencies. Obviously there is nothing wrong about it because fashion satisfies our willingness to be attractive. And also fashion is the detector of prosperity and social rank. So, our natural desire to wear fashionable clothes has many reasons such as historical, social and others. Therefore being fashionable costs a lot of money. But nowadays fashion is not such unavailable as it was a couple of centuries ago. We are lucky to have an opportunity to buy qualitative, fashionable and affordable clothes.</p>
<p>So, with the great pleasure we are offering you our goods, and we are sure that only our choices of garments will suit you best. Our product is universal because it suits different customers with different demands. We assure you it is really important, it shows that our good has such capacity as flexibility. And it is good for you because as we all know people change their claims with the course of time, and our good will be actual for a long time. The main reason of<span> </span><strong>buying our clothes</strong><span> </span>is the unique combination of fair price, extraordinary style and perfect quality. Here you can find garments of all sizes, colors, styles and fabrics.</p>
<p>It will suit you best of all. Because we all live in the time of total consuming of uncountable goods and services, and this has become the main reason for the rapid growth of a so-called culture of consumption in our society. So, this circumstance forced all leading successful companies to explore all needs and wishes of different groups of potential clients very deeply. And that is why we are offering you the result of great market and technological research – our magnificent product. Our employees put in great efforts to make this commodity. Our good was made up by best experts with the help of most advanced technologies, and it gives us right to consider this product to be a premium one.</p>
",Oakley,T-shirts,Polos,true,Color,Beige,,,,,327AE-6,2000.0,,99,deny,manual,100.00,,false,true,'327038522,https://cdn.shopify.com/s/files/1/0551/8001/products/stone_pique-collared_zip_front_polo_top_1.jpg?v=1610629304,1,,false,,,,,,,,,,,,,,,,,kg,,,,,,,active
stone-pique-collared-zip-front-polo-top,,,,,,,,Black,,,,,556-62225,2000.0,,1,deny,manual,99.00,110.00,true,true,'48245687465,https://cdn.shopify.com/s/files/1/0551/8001/products/stone_pique-collared_zip_front_polo_top_2.jpg?v=1610629304,2,,,,,,,,,,,,,,,,,,https://cdn.shopify.com/s/files/1/0551/8001/products/stone_pique-collared_zip_front_polo_top_2.jpg?v=1610629304,kg,,,,,,,
stone-pique-collared-zip-front-polo-top,,,,,,,,Blue,,,,,'64554,7000.0,shopify,50,deny,manual,95.00,,true,true,'2353565467,https://cdn.shopify.com/s/files/1/0551/8001/products/stone_pique-collared_zip_front_polo_top_3.jpg?v=1610629304,3,,,,,,,,,,,,,,,,,,,kg,,,,,,,
stone-pique-collared-zip-front-polo-top,,,,,,,,,,,,,,,,,,,,,,,,https://cdn.shopify.com/s/files/1/0551/8001/products/stone_pique-collared_zip_front_polo_top_4.jpg?v=1610629304,4,,,,,,,,,,,,,,,,,,,,,,,,,,
stone-pique-collared-zip-front-polo-top,,,,,,,,,,,,,,,,,,,,,,,,https://cdn.shopify.com/s/files/1/0551/8001/products/stone_pique-collared_zip_front_polo_top_5.jpg?v=1610629304,5,,,,,,,,,,,,,,,,,,,,,,,,,,
rust-high-neck-frill-smock-dress,Rust High Neck Frill Smock Dress,"<div class=""row"">
<div class=""content col-12 col-lg-6"">
<p class=""subtitle"">Subtitle</p>
<p>Adipiscing elit, sed do eiusmod tempor incididunt ut labore et dolore magna aliqua. Ut enim ad minim veniam, quis nostrud exercitation ullamco laboris nisi ut aliquip ex ea commodo consequat.</p>
<ul>
<li>Dolor sit amet, consectetur adipiscing elit</li>
<li>Sed do eiusmod tempor</li>
<li>ncididunt ut labore et dolore magna aliqua</li>
<li>Enim ad minim veniam</li>
</ul>
</div>
<div class=""image col-12 col-lg-6"">
<p><span><img alt="""" src=""https://cdn.shopify.com/s/files/1/0534/4690/1941/files/Rectangle_570x300.png?v=1611831450""></span></p>
</div>
</div>",Chanel,Shoes,Boots,true,Title,Default Title,,,,,"",0.0,shopify,98,deny,manual,149.00,,true,true,"",https://cdn.shopify.com/s/files/1/0551/8001/products/rust_high_neck_frill_smock_dress_1_7d4bde97-dc7d-4e9b-949a-bca85eef3dd5.jpg?v=1611842143,1,,false,,,,,,,,,,,,,,,,,kg,,,,,,,active
rust-high-neck-frill-smock-dress,,,,,,,,,,,,,,,,,,,,,,,,https://cdn.shopify.com/s/files/1/0551/8001/products/rust_high_neck_frill_smock_dress_2_1183ccc0-389e-441a-8bef-dd08f9aa7373.jpg?v=1611842143,2,,,,,,,,,,,,,,,,,,,,,,,,,,
rust-high-neck-frill-smock-dress,,,,,,,,,,,,,,,,,,,,,,,,https://cdn.shopify.com/s/files/1/0551/8001/products/rust_high_neck_frill_smock_dress_3_b662b108-a5c5-4996-a09c-3517e8bc98e0.jpg?v=1611842143,3,,,,,,,,,,,,,,,,,,,,,,,,,,
rust-high-neck-frill-smock-dress,,,,,,,,,,,,,,,,,,,,,,,,https://cdn.shopify.com/s/files/1/0551/8001/products/rust_high_neck_frill_smock_dress_4_5fe4cf2f-00b3-4a1a-b134-7e88609c07cf.jpg?v=1611842143,4,,,,,,,,,,,,,,,,,,,,,,,,,,
rust-high-neck-frill-smock-dress,,,,,,,,,,,,,,,,,,,,,,,,https://cdn.shopify.com/s/files/1/0551/8001/products/rust_high_neck_frill_smock_dress_5_35814069-10f9-4f76-9553-c19bfa2e3223.jpg?v=1611842143,5,,,,,,,,,,,,,,,,,,,,,,,,,,
red-suedette-bow-heeled-shoe-boots,Red Suedette Bow Heeled Shoe Boots,"<div class=""row"">
<div class=""content col-12 col-lg-6"">
<p class=""subtitle"">Subtitle</p>
<p>Adipiscing elit, sed do eiusmod tempor incididunt ut labore et dolore magna aliqua. Ut enim ad minim veniam, quis nostrud exercitation ullamco laboris nisi ut aliquip ex ea commodo consequat.</p>
<ul>
<li>Dolor sit amet, consectetur adipiscing elit</li>
<li>Sed do eiusmod tempor</li>
<li>ncididunt ut labore et dolore magna aliqua</li>
<li>Enim ad minim veniam</li>
</ul>
</div>
<div class=""image col-12 col-lg-6"">
<p><span><img alt="""" src=""https://cdn.shopify.com/s/files/1/0534/4690/1941/files/Rectangle_570x300.png?v=1611831450""></span></p>
</div>
</div>",Bershka,Shoes,Boots,true,Size,S,Color,Beige,Material,Cotton,,4990.015021607,shopify,100,continue,manual,199.00,229.00,true,true,,https://cdn.shopify.com/s/files/1/0551/8001/products/red_suedette_bow_heeled_shoe_boots_1_485c1e1f-7e34-4466-ba31-49331a947523.jpg?v=1611842129,1,,false,,,,,,,,,,,,,,,,https://cdn.shopify.com/s/files/1/0551/8001/products/red_suedette_bow_heeled_shoe_boots_1_485c1e1f-7e34-4466-ba31-49331a947523.jpg?v=1611842129,lb,,,,,,,active
red-suedette-bow-heeled-shoe-boots,,,,,,,,M,,Red,,Leather,,5000.0,shopify,100,deny,manual,185.00,200.00,true,true,,https://cdn.shopify.com/s/files/1/0551/8001/products/red_suedette_bow_heeled_shoe_boots_2_4b2c3c2e-cde1-4d01-bfee-a62afd164d3f.jpg?v=1611842129,2,,,,,,,,,,,,,,,,,,https://cdn.shopify.com/s/files/1/0551/8001/products/red_suedette_bow_heeled_shoe_boots_2_4b2c3c2e-cde1-4d01-bfee-a62afd164d3f.jpg?v=1611842129,kg,,,,,,,
red-suedette-bow-heeled-shoe-boots,,,,,,,,XL,,Black,,Jersey,,1134.0007696661876,shopify,1,deny,manual,200.00,215.00,true,true,,https://cdn.shopify.com/s/files/1/0551/8001/products/red_suedette_bow_heeled_shoe_boots_3_714af488-4a80-42cd-8148-3f63172888bb.jpg?v=1611842129,3,,,,,,,,,,,,,,,,,,https://cdn.shopify.com/s/files/1/0551/8001/products/red_suedette_bow_heeled_shoe_boots_3_714af488-4a80-42cd-8148-3f63172888bb.jpg?v=1611842129,oz,,,,,,,
red-suedette-bow-heeled-shoe-boots,,,,,,,,XXL,,Blue,,Guipure,,100.0,shopify,13,continue,manual,205.00,220.00,true,true,,https://cdn.shopify.com/s/files/1/0551/8001/products/red_suedette_bow_heeled_shoe_boots_4_a0764d00-4420-4c57-a034-fe10d19a84f9.jpg?v=1611842129,4,,,,,,,,,,,,,,,,,,https://cdn.shopify.com/s/files/1/0551/8001/products/red_suedette_bow_heeled_shoe_boots_4_a0764d00-4420-4c57-a034-fe10d19a84f9.jpg?v=1611842129,g,,,,,,,
red-suedette-bow-heeled-shoe-boots,,,,,,,,,,,,,,,,,,,,,,,,https://cdn.shopify.com/s/files/1/0551/8001/products/red_suedette_bow_heeled_shoe_boots_5_42d29272-e218-4f9d-b5b3-c326b40913ef.jpg?v=1611842129,5,,,,,,,,,,,,,,,,,,,,,,,,,,
red-atlanta-georgia-logo-sweatshirt,Red Atlanta Georgia Logo Sweatshirt,"<div class=""row"">
<div class=""content col-12 col-lg-6"">
<p class=""subtitle"">Subtitle</p>
<p>Adipiscing elit, sed do eiusmod tempor incididunt ut labore et dolore magna aliqua. Ut enim ad minim veniam, quis nostrud exercitation ullamco laboris nisi ut aliquip ex ea commodo consequat.</p>
<ul>
<li>Dolor sit amet, consectetur adipiscing elit</li>
<li>Sed do eiusmod tempor</li>
<li>ncididunt ut labore et dolore magna aliqua</li>
<li>Enim ad minim veniam</li>
</ul>
</div>
<div class=""image col-12 col-lg-6"">
<p><span><img alt="""" src=""https://cdn.shopify.com/s/files/1/0534/4690/1941/files/Rectangle_570x300.png?v=1611831450""></span></p>
</div>
</div>",OldNavy,Jackets,Long Sleeve,true,Title,Default Title,,,,,654654654-56,0.0,shopify,0,deny,manual,49.00,,true,false,'541265746854231,https://cdn.shopify.com/s/files/1/0551/8001/products/red_atlanta_georgia_logo_sweatshirt_1_beff9798-ef5a-4ba8-bd9e-6dc32447eb6b.jpg?v=1611842115,1,,false,,,,,,,,,,,,,,,,,kg,,,,,,,active
red-atlanta-georgia-logo-sweatshirt,,,,,,,,,,,,,,,,,,,,,,,,https://cdn.shopify.com/s/files/1/0551/8001/products/red_atlanta_georgia_logo_sweatshirt_2_8212b152-7415-436d-878a-6a75ec5832d7.jpg?v=1611842115,2,,,,,,,,,,,,,,,,,,,,,,,,,,
red-atlanta-georgia-logo-sweatshirt,,,,,,,,,,,,,,,,,,,,,,,,https://cdn.shopify.com/s/files/1/0551/8001/products/red_atlanta_georgia_logo_sweatshirt_3_75090374-4f24-44a7-8038-e31c24e65d1f.jpg?v=1611842115,3,,,,,,,,,,,,,,,,,,,,,,,,,,
red-atlanta-georgia-logo-sweatshirt,,,,,,,,,,,,,,,,,,,,,,,,https://cdn.shopify.com/s/files/1/0551/8001/products/red_atlanta_georgia_logo_sweatshirt_4_792169f6-fd5f-4d53-aa68-1bc4214897f3.jpg?v=1611842115,4,,,,,,,,,,,,,,,,,,,,,,,,,,
red-atlanta-georgia-logo-sweatshirt,,,,,,,,,,,,,,,,,,,,,,,,https://cdn.shopify.com/s/files/1/0551/8001/products/red_atlanta_georgia_logo_sweatshirt_5_e3c74999-9f96-4cfb-b7d3-12cca695223e.jpg?v=1611842116,5,,,,,,,,,,,,,,,,,,,,,,,,,,
petite-light-green-cropped-boxy-puffer-jacket,Petite Light Green Cropped Boxy Puffer Jacket,"<div class=""row"">
<div class=""content col-12 col-lg-6"">
<p class=""subtitle"">Subtitle</p>
<p>Adipiscing elit, sed do eiusmod tempor incididunt ut labore et dolore magna aliqua. Ut enim ad minim veniam, quis nostrud exercitation ullamco laboris nisi ut aliquip ex ea commodo consequat.</p>
<ul>
<li>Dolor sit amet, consectetur adipiscing elit</li>
<li>Sed do eiusmod tempor</li>
<li>ncididunt ut labore et dolore magna aliqua</li>
<li>Enim ad minim veniam</li>
</ul>
</div>
<div class=""image col-12 col-lg-6"">
<p><span><img alt="""" src=""https://cdn.shopify.com/s/files/1/0534/4690/1941/files/Rectangle_570x300.png?v=1611831450""></span></p>
</div>
</div>",H&M,Jackets,Long Sleeve,true,Title,Default Title,,,,,'327038,32600.0,shopify,100,deny,manual,50.00,62.00,true,true,555-6322-1,https://cdn.shopify.com/s/files/1/0551/8001/products/petite_light_green_cropped_boxy_puffer_jacket_1_d4ed48f3-7e58-44b8-8ae9-ab4bdb2eca76.jpg?v=1611842101,1,,false,,,,,,,,,,,,,,,,,kg,,,,,,,active
petite-light-green-cropped-boxy-puffer-jacket,,,,,,,,,,,,,,,,,,,,,,,,https://cdn.shopify.com/s/files/1/0551/8001/products/petite_light_green_cropped_boxy_puffer_jacket_2_bf1ce658-c541-4785-9573-93bc72c2c2d9.jpg?v=1611842101,2,,,,,,,,,,,,,,,,,,,,,,,,,,
petite-light-green-cropped-boxy-puffer-jacket,,,,,,,,,,,,,,,,,,,,,,,,https://cdn.shopify.com/s/files/1/0551/8001/products/petite_light_green_cropped_boxy_puffer_jacket_3_e0163c9e-e726-40eb-a946-4e6263e737ae.jpg?v=1611842101,3,,,,,,,,,,,,,,,,,,,,,,,,,,
petite-light-green-cropped-boxy-puffer-jacket,,,,,,,,,,,,,,,,,,,,,,,,https://cdn.shopify.com/s/files/1/0551/8001/products/petite_light_green_cropped_boxy_puffer_jacket_4_be79ea6d-e1eb-4ae8-be9d-20b3acd6a229.jpg?v=1611842101,4,,,,,,,,,,,,,,,,,,,,,,,,,,
petite-light-green-cropped-boxy-puffer-jacket,,,,,,,,,,,,,,,,,,,,,,,,https://cdn.shopify.com/s/files/1/0551/8001/products/petite_light_green_cropped_boxy_puffer_jacket_5_73af1102-e9bf-4504-accb-e1575ed6b6d7.jpg?v=1611842101,5,,,,,,,,,,,,,,,,,,,,,,,,,,
pale-grey-tote-bag,Pale Grey Tote Bag,"<p>With us by emailing, contacting our live chat support or giving us a call. They're built with the heart and soul of the craftsman who applied his skill and knowledge to bring you this heritage good, just as it has been done throughout the history of the world. Why choose this particular store?</p>
<p><span>Behind it, there is a devoted team. We focus on belts and wallets, and this lets us be the first to know about the new products, new trends in a leather good fashion and train a top-notch support team. You may also visit us at the address which is pointed at the map below:
What you are buying here are heritage goods;
goods that are heritage in quality, and heirloom by durability.</span></p>
<p><span>Traditional materials and timeless methodsare employed to build the things we use daily, yet take for granted. Why choose this particular store? Behind it, there is a devoted team (that is us). Who protects the quality of the product and service. We focus on belts and wallets, and this lets us be the first to know about the new products, new trends in a leather good fashion and train a top-notch support team.</span></p>
<p><span>We’ve been in the business for 7 years, and 4 years ago we also launched a website, which now allows you to make a purchase at our store from wherever you are, as we ship worldwide. These are things that are built to be bought once. They're built with the heart and soul of the craftsman who applied his skill and knowledge to bring you this heritage good, just as it has been done throughout the history of the world. Why choose this particular store? If you are interested to learn more about our shipping and return policy, you’ll find all the necessary information at the bottom of the website.</span></p>
",Oakley,Accessories,Bag,true,Color,Beige,,,,,327AE-6,2000.0,,99,deny,manual,45.00,,false,true,'327038522,https://cdn.shopify.com/s/files/1/0551/8001/products/pale_grey_tote_bag_1.jpg?v=1610629232,1,,false,,,,,,,,,,,,,,,,,kg,,,,,,,active
pale-grey-tote-bag,,,,,,,,Black,,,,,556-62225,2000.0,,1,deny,manual,50.00,60.00,true,true,'48245687465,https://cdn.shopify.com/s/files/1/0551/8001/products/pale_grey_tote_bag_2.jpg?v=1610629232,2,,,,,,,,,,,,,,,,,,https://cdn.shopify.com/s/files/1/0551/8001/products/pale_grey_tote_bag_2.jpg?v=1610629232,kg,,,,,,,
pale-grey-tote-bag,,,,,,,,Blue,,,,,'64554,7000.0,shopify,50,deny,manual,55.00,,true,true,'2353565467,https://cdn.shopify.com/s/files/1/0551/8001/products/pale_grey_tote_bag_3.jpg?v=1610629232,3,,,,,,,,,,,,,,,,,,,kg,,,,,,,
pale-grey-tote-bag,,,,,,,,,,,,,,,,,,,,,,,,https://cdn.shopify.com/s/files/1/0551/8001/products/pale_grey_tote_bag_4.jpg?v=1610629232,4,,,,,,,,,,,,,,,,,,,,,,,,,,
pale-grey-tote-bag,,,,,,,,,,,,,,,,,,,,,,,,https://cdn.shopify.com/s/files/1/0551/8001/products/pale_grey_tote_bag_5.jpg?v=1610629232,5,,,,,,,,,,,,,,,,,,,,,,,,,,
mustard-leather-look-mini-backpack,Mustard Leather Look Mini Backpack,"<div class=""row"">
<div class=""content col-12 col-lg-6"">
<p class=""subtitle"">Subtitle</p>
<p>Adipiscing elit, sed do eiusmod tempor incididunt ut labore et dolore magna aliqua. Ut enim ad minim veniam, quis nostrud exercitation ullamco laboris nisi ut aliquip ex ea commodo consequat.</p>
<ul>
<li>Dolor sit amet, consectetur adipiscing elit</li>
<li>Sed do eiusmod tempor</li>
<li>ncididunt ut labore et dolore magna aliqua</li>
<li>Enim ad minim veniam</li>
</ul>
</div>
<div class=""image col-12 col-lg-6"">
<p><span><img alt="""" src=""https://cdn.shopify.com/s/files/1/0534/4690/1941/files/Rectangle_570x300.png?v=1611831450""></span></p>
</div>
</div>",Chanel,Accessories,Bag,true,Title,Default Title,,,,,"",0.0,shopify,98,deny,manual,119.00,,true,true,"",https://cdn.shopify.com/s/files/1/0551/8001/products/mustard_leather_look_mini_backpack_1_2614fc22-6997-4a7a-9ef9-a5d9d1ea4377.jpg?v=1611842073,1,,false,,,,,,,,,,,,,,,,,kg,,,,,,,active
mustard-leather-look-mini-backpack,,,,,,,,,,,,,,,,,,,,,,,,https://cdn.shopify.com/s/files/1/0551/8001/products/mustard_leather_look_mini_backpack_2_d5d63825-1401-4057-b521-0230873bd0c3.jpg?v=1611842073,2,,,,,,,,,,,,,,,,,,,,,,,,,,
mustard-leather-look-mini-backpack,,,,,,,,,,,,,,,,,,,,,,,,https://cdn.shopify.com/s/files/1/0551/8001/products/mustard_leather_look_mini_backpack_3_3f4568fb-b646-4eb9-908a-91d07ce659f6.jpg?v=1611842073,3,,,,,,,,,,,,,,,,,,,,,,,,,,
mustard-leather-look-mini-backpack,,,,,,,,,,,,,,,,,,,,,,,,https://cdn.shopify.com/s/files/1/0551/8001/products/mustard_leather_look_mini_backpack_4_e0bfd1be-26d4-46a9-a357-c9e70b55501b.jpg?v=1611842073,4,,,,,,,,,,,,,,,,,,,,,,,,,,
mustard-leather-look-mini-backpack,,,,,,,,,,,,,,,,,,,,,,,,https://cdn.shopify.com/s/files/1/0551/8001/products/mustard_leather_look_mini_backpack_5_cb3bb797-4b3f-471a-bf02-d01f1b83a94b.jpg?v=1611842073,5,,,,,,,,,,,,,,,,,,,,,,,,,,
khaki-hooded-puffer-jacket,Khaki Hooded Puffer Jacket,"<div class=""row"">
<div class=""content col-12 col-lg-6"">
<p class=""subtitle"">Subtitle</p>
<p>Adipiscing elit, sed do eiusmod tempor incididunt ut labore et dolore magna aliqua. Ut enim ad minim veniam, quis nostrud exercitation ullamco laboris nisi ut aliquip ex ea commodo consequat.</p>
<ul>
<li>Dolor sit amet, consectetur adipiscing elit</li>
<li>Sed do eiusmod tempor</li>
<li>ncididunt ut labore et dolore magna aliqua</li>
<li>Enim ad minim veniam</li>
</ul>
</div>
<div class=""image col-12 col-lg-6"">
<p><span><img alt="""" src=""https://cdn.shopify.com/s/files/1/0534/4690/1941/files/Rectangle_570x300.png?v=1611831450""></span></p>
</div>
</div>",Bershka,Jackets,Long Sleeve,true,Size,S,Color,Beige,Material,Cotton,,4990.015021607,shopify,100,continue,manual,40.00,44.00,true,true,,https://cdn.shopify.com/s/files/1/0551/8001/products/khaki_hooded_puffer_jacket_1_7e46e7f6-0aa6-4d44-8020-ea82df61a87c.jpg?v=1611842054,1,,false,,,,,,,,,,,,,,,,https://cdn.shopify.com/s/files/1/0551/8001/products/khaki_hooded_puffer_jacket_1_7e46e7f6-0aa6-4d44-8020-ea82df61a87c.jpg?v=1611842054,lb,,,,,,,active
khaki-hooded-puffer-jacket,,,,,,,,M,,Red,,Leather,,5000.0,shopify,100,deny,manual,39.00,44.00,true,true,,https://cdn.shopify.com/s/files/1/0551/8001/products/khaki_hooded_puffer_jacket_2_b55be7db-f8c6-4f01-836e-22f3005b93b5.jpg?v=1611842054,2,,,,,,,,,,,,,,,,,,https://cdn.shopify.com/s/files/1/0551/8001/products/khaki_hooded_puffer_jacket_2_b55be7db-f8c6-4f01-836e-22f3005b93b5.jpg?v=1611842054,kg,,,,,,,
khaki-hooded-puffer-jacket,,,,,,,,XL,,Black,,Jersey,,1134.0007696661876,shopify,1,deny,manual,40.00,49.00,true,true,,https://cdn.shopify.com/s/files/1/0551/8001/products/khaki_hooded_puffer_jacket_3_5d683293-d8eb-4d35-be85-4dd930ce35d6.jpg?v=1611842054,3,,,,,,,,,,,,,,,,,,https://cdn.shopify.com/s/files/1/0551/8001/products/khaki_hooded_puffer_jacket_3_5d683293-d8eb-4d35-be85-4dd930ce35d6.jpg?v=1611842054,oz,,,,,,,
khaki-hooded-puffer-jacket,,,,,,,,XXL,,Blue,,Guipure,,100.0,shopify,13,continue,manual,35.00,42.00,true,true,,https://cdn.shopify.com/s/files/1/0551/8001/products/khaki_hooded_puffer_jacket_4_35cbd0ae-7441-4de0-9174-789740fc7114.jpg?v=1611842054,4,,,,,,,,,,,,,,,,,,https://cdn.shopify.com/s/files/1/0551/8001/products/khaki_hooded_puffer_jacket_4_35cbd0ae-7441-4de0-9174-789740fc7114.jpg?v=1611842054,g,,,,,,,
khaki-hooded-puffer-jacket,,,,,,,,,,,,,,,,,,,,,,,,https://cdn.shopify.com/s/files/1/0551/8001/products/khaki_hooded_puffer_jacket_5_f2d53fb6-a563-4eec-9b6c-486ba8217432.jpg?v=1611842054,5,,,,,,,,,,,,,,,,,,,,,,,,,,
dark-red-plain-short-sleeve-t-shirt,Dark Red Plain Short Sleeve T Shirt,"<div class=""row"">
<div class=""content col-12 col-lg-6"">
<p class=""subtitle"">Subtitle</p>
<p>Adipiscing elit, sed do eiusmod tempor incididunt ut labore et dolore magna aliqua. Ut enim ad minim veniam, quis nostrud exercitation ullamco laboris nisi ut aliquip ex ea commodo consequat.</p>
<ul>
<li>Dolor sit amet, consectetur adipiscing elit</li>
<li>Sed do eiusmod tempor</li>
<li>ncididunt ut labore et dolore magna aliqua</li>
<li>Enim ad minim veniam</li>
</ul>
</div>
<div class=""image col-12 col-lg-6"">
<p><span><img alt="""" src=""https://cdn.shopify.com/s/files/1/0534/4690/1941/files/Rectangle_570x300.png?v=1611831450""></span></p>
</div>
</div>",OldNavy,T-shirts,Polos,true,Title,Default Title,,,,,654654654-56,0.0,shopify,0,deny,manual,99.00,,true,false,'541265746854231,https://cdn.shopify.com/s/files/1/0551/8001/products/dark_red_plain_short_sleeve_t_shirt_1_7766ae65-4385-4261-93dc-56a6a5f69699.jpg?v=1611842039,1,,false,,,,,,,,,,,,,,,,,kg,,,,,,,active
dark-red-plain-short-sleeve-t-shirt,,,,,,,,,,,,,,,,,,,,,,,,https://cdn.shopify.com/s/files/1/0551/8001/products/dark_red_plain_short_sleeve_t_shirt_2_6e4187a1-66ef-49e7-bcec-a321635f8d7b.jpg?v=1611842040,2,,,,,,,,,,,,,,,,,,,,,,,,,,
dark-red-plain-short-sleeve-t-shirt,,,,,,,,,,,,,,,,,,,,,,,,https://cdn.shopify.com/s/files/1/0551/8001/products/dark_red_plain_short_sleeve_t_shirt_3_c38185e4-7aef-495a-a8b2-5505bca82b20.jpg?v=1611842040,3,,,,,,,,,,,,,,,,,,,,,,,,,,
dark-red-plain-short-sleeve-t-shirt,,,,,,,,,,,,,,,,,,,,,,,,https://cdn.shopify.com/s/files/1/0551/8001/products/dark_red_plain_short_sleeve_t_shirt_4_3ccf1ec2-1144-42e8-9dfa-0123ff6763b6.jpg?v=1611842040,4,,,,,,,,,,,,,,,,,,,,,,,,,,
dark-red-plain-short-sleeve-t-shirt,,,,,,,,,,,,,,,,,,,,,,,,https://cdn.shopify.com/s/files/1/0551/8001/products/dark_red_plain_short_sleeve_t_shirt_5_3222f173-0fac-45ad-b1a7-bf7d54b739b9.jpg?v=1611842040,5,,,,,,,,,,,,,,,,,,,,,,,,,,
blue-overdyed-munich-logo-t-shirt,Blue Overdyed Munich Logo T Shirt,"<div class=""row"">
<div class=""content col-12 col-lg-6"">
<p class=""subtitle"">Subtitle</p>
<p>Adipiscing elit, sed do eiusmod tempor incididunt ut labore et dolore magna aliqua. Ut enim ad minim veniam, quis nostrud exercitation ullamco laboris nisi ut aliquip ex ea commodo consequat.</p>
<ul>
<li>Dolor sit amet, consectetur adipiscing elit</li>
<li>Sed do eiusmod tempor</li>
<li>ncididunt ut labore et dolore magna aliqua</li>
<li>Enim ad minim veniam</li>
</ul>
</div>
<div class=""image col-12 col-lg-6"">
<p><span><img alt="""" src=""https://cdn.shopify.com/s/files/1/0534/4690/1941/files/Rectangle_570x300.png?v=1611831450""></span></p>
</div>
</div>",H&M,T-shirts,Polos,true,Title,Default Title,,,,,'327038,32600.0,shopify,100,deny,manual,340.00,360.00,true,true,555-6322-1,https://cdn.shopify.com/s/files/1/0551/8001/products/blue_overdyed_munich_logo_t_shirt_1_75a48775-5bf9-4d1e-b0e2-fd4210e87538.jpg?v=1611842026,1,,false,,,,,,,,,,,,,,,,,kg,,,,,,,active
blue-overdyed-munich-logo-t-shirt,,,,,,,,,,,,,,,,,,,,,,,,https://cdn.shopify.com/s/files/1/0551/8001/products/blue_overdyed_munich_logo_t_shirt_2_105025bf-89e0-4d99-aa88-1e266cad0d5c.jpg?v=1611842026,2,,,,,,,,,,,,,,,,,,,,,,,,,,
blue-overdyed-munich-logo-t-shirt,,,,,,,,,,,,,,,,,,,,,,,,https://cdn.shopify.com/s/files/1/0551/8001/products/blue_overdyed_munich_logo_t_shirt_3_77f05f96-79e1-46ae-b0f2-2427a78b13c8.jpg?v=1611842026,3,,,,,,,,,,,,,,,,,,,,,,,,,,
blue-overdyed-munich-logo-t-shirt,,,,,,,,,,,,,,,,,,,,,,,,https://cdn.shopify.com/s/files/1/0551/8001/products/blue_overdyed_munich_logo_t_shirt_4_d832352f-5bb6-4225-aa12-ac6edd08c159.jpg?v=1611842026,4,,,,,,,,,,,,,,,,,,,,,,,,,,
blue-overdyed-munich-logo-t-shirt,,,,,,,,,,,,,,,,,,,,,,,,https://cdn.shopify.com/s/files/1/0551/8001/products/blue_overdyed_munich_logo_t_shirt_5_eabceef5-a9c3-414e-9bc1-108daba7dc89.jpg?v=1611842026,5,,,,,,,,,,,,,,,,,,,,,,,,,,
blue-floral-mini-smock-dress,Blue Floral Mini Smock Dress,"<p>Looking for stylish clothes which will reflect your character and nature? Then have a look at our Men Cloth Store which will pleasantly surprise you with a wide range of modern and attractive clothes. Casual, business, sport - choose any style and color, because we did our best to foresee your needs and make our collection suit various demands and requirements.</p>
<p>Clothes create our image. The first impression is the strongest one. Well chosen suit or pullover will enrich your appearance with some attractive details and suitable accessories will make the whole image finished. Don't be afraid of discovering your originality. We will help you to stand out from the crowd catching sights and attracting attention thanks to well-dignified style and good looking clothes.</p>
<p>Stop putting on the same old sweater going to a barbecue or to a birthday party just because you are used to it, and it is warm enough! Make a short pause and look into a mirror. It is the very time to get some new clothes which will add your life with pleasant changes because changing your appearance you open yourself for them.</p>
<p>Haven't decided yet what style to choose? Study our goods, and you will, lest there be any doubt, find the clothes you like. Multitude shirts, trousers, hats will be your guiding line in clarifying the style you prefer to make yours. Feel free to experiment. All our trends are in line with today's fashion and design. Premium quality, well-known trading marks, big choice of goods - we did our best to gain and justify your confidence. Enjoy the process of making purchases. Try on our clothes to evaluate their quality and originality.</p>
",Oakley,Women,Dress,true,Color,Beige,,,,,327AE-6,2000.0,,99,deny,manual,115.00,,false,true,'327038522,https://cdn.shopify.com/s/files/1/0551/8001/products/blue_floral_mini_smock_dress_1.jpg?v=1610629162,1,,false,,,,,,,,,,,,,,,,,kg,,,,,,,active
blue-floral-mini-smock-dress,,,,,,,,Black,,,,,556-62225,2000.0,,1,deny,manual,120.00,125.00,true,true,'48245687465,https://cdn.shopify.com/s/files/1/0551/8001/products/blue_floral_mini_smock_dress_2.jpg?v=1610629162,2,,,,,,,,,,,,,,,,,,https://cdn.shopify.com/s/files/1/0551/8001/products/blue_floral_mini_smock_dress_2.jpg?v=1610629162,kg,,,,,,,
blue-floral-mini-smock-dress,,,,,,,,Blue,,,,,'64554,7000.0,shopify,50,deny,manual,140.00,,true,true,'2353565467,https://cdn.shopify.com/s/files/1/0551/8001/products/blue_floral_mini_smock_dress_3.jpg?v=1610629162,3,,,,,,,,,,,,,,,,,,,kg,,,,,,,
blue-floral-mini-smock-dress,,,,,,,,,,,,,,,,,,,,,,,,https://cdn.shopify.com/s/files/1/0551/8001/products/blue_floral_mini_smock_dress_4.jpg?v=1610629162,4,,,,,,,,,,,,,,,,,,,,,,,,,,
blue-floral-mini-smock-dress,,,,,,,,,,,,,,,,,,,,,,,,https://cdn.shopify.com/s/files/1/0551/8001/products/blue_floral_mini_smock_dress_5.jpg?v=1610629162,5,,,,,,,,,,,,,,,,,,,,,,,,,,
blue-ditsy-floral-high-neck-mini-dress,Blue Ditsy Floral High Neck Mini Dress,"<div class=""row"">
<div class=""content col-12 col-lg-6"">
<p class=""subtitle"">Subtitle</p>
<p>Adipiscing elit, sed do eiusmod tempor incididunt ut labore et dolore magna aliqua. Ut enim ad minim veniam, quis nostrud exercitation ullamco laboris nisi ut aliquip ex ea commodo consequat.</p>
<ul>
<li>Dolor sit amet, consectetur adipiscing elit</li>
<li>Sed do eiusmod tempor</li>
<li>ncididunt ut labore et dolore magna aliqua</li>
<li>Enim ad minim veniam</li>
</ul>
</div>
<div class=""image col-12 col-lg-6"">
<p><span><img src=""https://cdn.shopify.com/s/files/1/0534/4690/1941/files/Rectangle_570x300.png?v=1611831450"" alt=""""></span></p>
</div>
</div>",Chanel,Women,Dress,true,Title,Default Title,,,,,"",0.0,shopify,98,deny,manual,240.00,,true,true,"",https://cdn.shopify.com/s/files/1/0551/8001/products/blue_ditsy_floral_high_neck_mini_dress_1_de949aa4-709a-4141-a2eb-064ed1d73d45.jpg?v=1611841990,1,,false,,,,,,,,,,,,,,,,,kg,,,,,,,active
blue-ditsy-floral-high-neck-mini-dress,,,,,,,,,,,,,,,,,,,,,,,,https://cdn.shopify.com/s/files/1/0551/8001/products/blue_ditsy_floral_high_neck_mini_dress_2_6758e398-61c1-4d69-a2f8-d14d1afbc136.jpg?v=1611841990,2,,,,,,,,,,,,,,,,,,,,,,,,,,
blue-ditsy-floral-high-neck-mini-dress,,,,,,,,,,,,,,,,,,,,,,,,https://cdn.shopify.com/s/files/1/0551/8001/products/blue_ditsy_floral_high_neck_mini_dress_3_3eb89722-97df-4b2a-91d1-77c9b8f136f4.jpg?v=1611841990,3,,,,,,,,,,,,,,,,,,,,,,,,,,
blue-ditsy-floral-high-neck-mini-dress,,,,,,,,,,,,,,,,,,,,,,,,https://cdn.shopify.com/s/files/1/0551/8001/products/blue_ditsy_floral_high_neck_mini_dress_4_8f16da52-6ea2-4082-a135-156606446065.jpg?v=1611841990,4,,,,,,,,,,,,,,,,,,,,,,,,,,
blue-ditsy-floral-high-neck-mini-dress,,,,,,,,,,,,,,,,,,,,,,,,https://cdn.shopify.com/s/files/1/0551/8001/products/blue_ditsy_floral_high_neck_mini_dress_5_be8a2486-e986-4391-b70a-1cbef11e4851.jpg?v=1611841990,5,,,,,,,,,,,,,,,,,,,,,,,,,,
blue-denim-pleated-tennis-skirt,Blue Denim Pleated Tennis Skirt,"<div class=""row"">
<div class=""content col-12 col-lg-6"">
<p class=""subtitle"">Subtitle</p>
<p>Adipiscing elit, sed do eiusmod tempor incididunt ut labore et dolore magna aliqua. Ut enim ad minim veniam, quis nostrud exercitation ullamco laboris nisi ut aliquip ex ea commodo consequat.</p>
<ul>
<li>Dolor sit amet, consectetur adipiscing elit</li>
<li>Sed do eiusmod tempor</li>
<li>ncididunt ut labore et dolore magna aliqua</li>
<li>Enim ad minim veniam</li>
</ul>
</div>
<div class=""image col-12 col-lg-6"">
<p><span><img alt="""" src=""https://cdn.shopify.com/s/files/1/0534/4690/1941/files/Rectangle_570x300.png?v=1611831450""></span></p>
</div>
</div>",Bershka,Women,Skirt,true,Size,S,Color,Beige,Material,Cotton,,4990.015021607,shopify,100,continue,manual,117.00,119.00,true,true,,https://cdn.shopify.com/s/files/1/0551/8001/products/blue_denim_pleated_tennis_skirt_1_2730c700-263d-4de1-8b56-cc82099870b9.jpg?v=1611841971,1,,false,,,,,,,,,,,,,,,,https://cdn.shopify.com/s/files/1/0551/8001/products/blue_denim_pleated_tennis_skirt_1_2730c700-263d-4de1-8b56-cc82099870b9.jpg?v=1611841971,lb,,,,,,,active
blue-denim-pleated-tennis-skirt,,,,,,,,M,,Red,,Leather,,5000.0,shopify,100,deny,manual,118.00,132.00,true,true,,https://cdn.shopify.com/s/files/1/0551/8001/products/blue_denim_pleated_tennis_skirt_2_9ed9b775-1f3e-4b55-a86c-7cdb639eee18.jpg?v=1611841971,2,,,,,,,,,,,,,,,,,,https://cdn.shopify.com/s/files/1/0551/8001/products/blue_denim_pleated_tennis_skirt_2_9ed9b775-1f3e-4b55-a86c-7cdb639eee18.jpg?v=1611841971,kg,,,,,,,
blue-denim-pleated-tennis-skirt,,,,,,,,XL,,Black,,Jersey,,1134.0007696661876,shopify,1,deny,manual,190.00,199.00,true,true,,https://cdn.shopify.com/s/files/1/0551/8001/products/blue_denim_pleated_tennis_skirt_3_f0182f24-42dd-4e13-b75d-669655a423eb.jpg?v=1611841971,3,,,,,,,,,,,,,,,,,,https://cdn.shopify.com/s/files/1/0551/8001/products/blue_denim_pleated_tennis_skirt_3_f0182f24-42dd-4e13-b75d-669655a423eb.jpg?v=1611841971,oz,,,,,,,
blue-denim-pleated-tennis-skirt,,,,,,,,XXL,,Blue,,Guipure,,100.0,shopify,13,continue,manual,100.00,123.00,true,true,,https://cdn.shopify.com/s/files/1/0551/8001/products/blue_denim_pleated_tennis_skirt_4_f69d9fa1-a60b-4fdb-9d72-70df75a677cf.jpg?v=1611841971,4,,,,,,,,,,,,,,,,,,https://cdn.shopify.com/s/files/1/0551/8001/products/blue_denim_pleated_tennis_skirt_4_f69d9fa1-a60b-4fdb-9d72-70df75a677cf.jpg?v=1611841971,g,,,,,,,
blue-denim-pleated-tennis-skirt,,,,,,,,,,,,,,,,,,,,,,,,https://cdn.shopify.com/s/files/1/0551/8001/products/blue_denim_pleated_tennis_skirt_5_47afb38d-1871-429c-81f9-b2e48741a13a.jpg?v=1611841971,5,,,,,,,,,,,,,,,,,,,,,,,,,,
black-tiered-smock-mini-dress,Black Tiered Smock Mini Dress,"<div class=""row"">
<div class=""content col-12 col-lg-6"">
<p class=""subtitle"">Subtitle</p>
<p>Adipiscing elit, sed do eiusmod tempor incididunt ut labore et dolore magna aliqua. Ut enim ad minim veniam, quis nostrud exercitation ullamco laboris nisi ut aliquip ex ea commodo consequat.</p>
<ul>
<li>Dolor sit amet, consectetur adipiscing elit</li>
<li>Sed do eiusmod tempor</li>
<li>ncididunt ut labore et dolore magna aliqua</li>
<li>Enim ad minim veniam</li>
</ul>
</div>
<div class=""image col-12 col-lg-6"">
<p><span><img alt="""" src=""https://cdn.shopify.com/s/files/1/0534/4690/1941/files/Rectangle_570x300.png?v=1611831450""></span></p>
</div>
</div>",OldNavy,Women,Dress,true,Title,Default Title,,,,,654654654-56,0.0,shopify,0,deny,manual,50.00,,true,false,'541265746854231,https://cdn.shopify.com/s/files/1/0551/8001/products/black_tiered_smock_mini_dress_1_646eba4d-9725-4223-b764-3e0b0fbffad7.jpg?v=1611841954,1,,false,,,,,,,,,,,,,,,,,kg,,,,,,,active
black-tiered-smock-mini-dress,,,,,,,,,,,,,,,,,,,,,,,,https://cdn.shopify.com/s/files/1/0551/8001/products/black_tiered_smock_mini_dress_2_5a5c56c7-94dd-490e-89a4-35f38fa8a73f.jpg?v=1611841954,2,,,,,,,,,,,,,,,,,,,,,,,,,,
black-tiered-smock-mini-dress,,,,,,,,,,,,,,,,,,,,,,,,https://cdn.shopify.com/s/files/1/0551/8001/products/black_tiered_smock_mini_dress_3_b7c63c1c-6804-414f-8446-cc9e6afde579.jpg?v=1611841954,3,,,,,,,,,,,,,,,,,,,,,,,,,,
black-tiered-smock-mini-dress,,,,,,,,,,,,,,,,,,,,,,,,https://cdn.shopify.com/s/files/1/0551/8001/products/black_tiered_smock_mini_dress_4_e83594b0-b709-4fdd-8c10-093fc5612ee3.jpg?v=1611841954,4,,,,,,,,,,,,,,,,,,,,,,,,,,
black-tiered-smock-mini-dress,,,,,,,,,,,,,,,,,,,,,,,,https://cdn.shopify.com/s/files/1/0551/8001/products/black_tiered_smock_mini_dress_5_253aa085-1f19-4ea5-8eae-44ca6458dcde.jpg?v=1611841954,5,,,,,,,,,,,,,,,,,,,,,,,,,,
black-leather-look-stud-chain-shoulder-bag,Black Leather Look Stud Chain Shoulder Bag,"<div class=""row"">
<div class=""content col-12 col-lg-6"">
<p class=""subtitle"">Subtitle</p>
<p>Adipiscing elit, sed do eiusmod tempor incididunt ut labore et dolore magna aliqua. Ut enim ad minim veniam, quis nostrud exercitation ullamco laboris nisi ut aliquip ex ea commodo consequat.</p>
<ul>
<li>Dolor sit amet, consectetur adipiscing elit</li>
<li>Sed do eiusmod tempor</li>
<li>ncididunt ut labore et dolore magna aliqua</li>
<li>Enim ad minim veniam</li>
</ul>
</div>
<div class=""image col-12 col-lg-6"">
<p><span><img alt="""" src=""https://cdn.shopify.com/s/files/1/0534/4690/1941/files/Rectangle_570x300.png?v=1611831450""></span></p>
</div>
</div>",H&M,Accessories,Bag,true,Title,Default Title,,,,,'327038,32600.0,shopify,100,deny,manual,180.00,188.00,true,true,555-6322-1,https://cdn.shopify.com/s/files/1/0551/8001/products/black_leather_look_stud_chain_shoulder_bag_1_ab696dd6-532d-46cf-afa6-58c3798dfea4.jpg?v=1611841939,1,,false,,,,,,,,,,,,,,,,,kg,,,,,,,active
black-leather-look-stud-chain-shoulder-bag,,,,,,,,,,,,,,,,,,,,,,,,https://cdn.shopify.com/s/files/1/0551/8001/products/black_leather_look_stud_chain_shoulder_bag_2_676303fd-954b-4c9a-999b-1ce8fca58035.jpg?v=1611841939,2,,,,,,,,,,,,,,,,,,,,,,,,,,
black-leather-look-stud-chain-shoulder-bag,,,,,,,,,,,,,,,,,,,,,,,,https://cdn.shopify.com/s/files/1/0551/8001/products/black_leather_look_stud_chain_shoulder_bag_3_95e67af6-4daa-45f3-9c43-80c3f0761036.jpg?v=1611841939,3,,,,,,,,,,,,,,,,,,,,,,,,,,
black-leather-look-stud-chain-shoulder-bag,,,,,,,,,,,,,,,,,,,,,,,,https://cdn.shopify.com/s/files/1/0551/8001/products/black_leather_look_stud_chain_shoulder_bag_4_a4acf8a1-7873-4a92-9402-2b0aa71f7d8b.jpg?v=1611841939,4,,,,,,,,,,,,,,,,,,,,,,,,,,
black-leather-look-stud-chain-shoulder-bag,,,,,,,,,,,,,,,,,,,,,,,,https://cdn.shopify.com/s/files/1/0551/8001/products/black_leather_look_stud_chain_shoulder_bag_5_4990d2e3-7b50-40ee-8052-6bb4ea4249dc.jpg?v=1611841939,5,,,,,,,,,,,,,,,,,,,,,,,,,,
black-faux-croc-chunk-lace-up-boots,Black Faux Croc Chunky Lace Up Boots,"<p>Fashion has always been so temporary and uncertain. You can’t keep up with it. This social phenomenon is very whimsical, thus we as the consumers always try to stay in touch with all the latest fashion tendencies. Obviously there is nothing wrong about it because fashion satisfies our willingness to be attractive. And also fashion is the detector of prosperity and social rank. So, our natural desire to wear fashionable clothes has many reasons such as historical, social and others. Therefore being fashionable costs a lot of money. But nowadays fashion is not such unavailable as it was a couple of centuries ago. We are lucky to have an opportunity to buy qualitative, fashionable and affordable clothes.</p>
<p>So, with the great pleasure we are offering you our goods, and we are sure that only our choices of garments will suit you best. Our product is universal because it suits different customers with different demands. We assure you it is really important, it shows that our good has such capacity as flexibility. And it is good for you because as we all know people change their claims with the course of time, and our good will be actual for a long time. The main reason of<span> </span><strong>buying our clothes</strong><span> </span>is the unique combination of fair price, extraordinary style and perfect quality. Here you can find garments of all sizes, colors, styles and fabrics.</p>
<p>It will suit you best of all. Because we all live in the time of total consuming of uncountable goods and services, and this has become the main reason for the rapid growth of a so-called culture of consumption in our society. So, this circumstance forced all leading successful companies to explore all needs and wishes of different groups of potential clients very deeply. And that is why we are offering you the result of great market and technological research – our magnificent product. Our employees put in great efforts to make this commodity. Our good was made up by best experts with the help of most advanced technologies, and it gives us right to consider this product to be a premium one.</p>
",Oakley,Shoes,Boots,true,Color,Beige,,,,,327AE-6,2000.0,,99,deny,manual,119.00,,false,true,'327038522,https://cdn.shopify.com/s/files/1/0551/8001/products/black_faux_croc_chunk_lace_up_boots_1.jpg?v=1610629083,1,,false,,,,,,,,,,,,,,,,,kg,,,,,,,active
black-faux-croc-chunk-lace-up-boots,,,,,,,,Black,,,,,556-62225,2000.0,,1,deny,manual,110.00,120.00,true,true,'48245687465,https://cdn.shopify.com/s/files/1/0551/8001/products/black_faux_croc_chunk_lace_up_boots_2.jpg?v=1610629083,2,,,,,,,,,,,,,,,,,,https://cdn.shopify.com/s/files/1/0551/8001/products/black_faux_croc_chunk_lace_up_boots_2.jpg?v=1610629083,kg,,,,,,,
black-faux-croc-chunk-lace-up-boots,,,,,,,,Blue,,,,,'64554,7000.0,shopify,50,deny,manual,115.00,,true,true,'2353565467,https://cdn.shopify.com/s/files/1/0551/8001/products/black_faux_croc_chunk_lace_up_boots_3.jpg?v=1610629083,3,,,,,,,,,,,,,,,,,,,kg,,,,,,,
black-faux-croc-chunk-lace-up-boots,,,,,,,,,,,,,,,,,,,,,,,,https://cdn.shopify.com/s/files/1/0551/8001/products/black_faux_croc_chunk_lace_up_boots_4.jpg?v=1610629083,4,,,,,,,,,,,,,,,,,,,,,,,,,,
black-faux-croc-chunk-lace-up-boots,,,,,,,,,,,,,,,,,,,,,,,,https://cdn.shopify.com/s/files/1/0551/8001/products/black_faux_croc_chunk_lace_up_boots_5.jpg?v=1610629083,5,,,,,,,,,,,,,,,,,,,,,,,,,,
black-chunky-platform-block-heel-chelsea-boots,Black Chunky Platform Block Heel Chelsea Boots,"<div class=""row"">
<div class=""content col-12 col-lg-6"">
<p class=""subtitle"">Subtitle</p>
<p>Adipiscing elit, sed do eiusmod tempor incididunt ut labore et dolore magna aliqua. Ut enim ad minim veniam, quis nostrud exercitation ullamco laboris nisi ut aliquip ex ea commodo consequat.</p>
<ul>
<li>Dolor sit amet, consectetur adipiscing elit</li>
<li>Sed do eiusmod tempor</li>
<li>ncididunt ut labore et dolore magna aliqua</li>
<li>Enim ad minim veniam</li>
</ul>
</div>
<div class=""image col-12 col-lg-6"">
<p><span><img src=""https://cdn.shopify.com/s/files/1/0534/4690/1941/files/Rectangle_570x300.png?v=1611831450"" alt=""""></span></p>
</div>
</div>",Chanel,Shoes,Boots,true,Title,Default Title,,,,,"",0.0,shopify,98,deny,manual,199.00,,true,true,"",https://cdn.shopify.com/s/files/1/0551/8001/products/black_chunky_platform_block_heel_chelsea_boots_1_316159b3-739b-470a-aa7b-7c52d9972fa9.jpg?v=1611841909,1,,false,,,,,,,,,,,,,,,,,kg,,,,,,,active
black-chunky-platform-block-heel-chelsea-boots,,,,,,,,,,,,,,,,,,,,,,,,https://cdn.shopify.com/s/files/1/0551/8001/products/black_chunky_platform_block_heel_chelsea_boots_2_a9f74c53-98f3-4c90-a8a0-0ffa6352d62b.jpg?v=1611841909,2,,,,,,,,,,,,,,,,,,,,,,,,,,
black-chunky-platform-block-heel-chelsea-boots,,,,,,,,,,,,,,,,,,,,,,,,https://cdn.shopify.com/s/files/1/0551/8001/products/black_chunky_platform_block_heel_chelsea_boots_3_e115b079-ac3b-4a29-b950-e77c44bb0475.jpg?v=1611841909,3,,,,,,,,,,,,,,,,,,,,,,,,,,
black-chunky-platform-block-heel-chelsea-boots,,,,,,,,,,,,,,,,,,,,,,,,https://cdn.shopify.com/s/files/1/0551/8001/products/black_chunky_platform_block_heel_chelsea_boots_4_f7934a61-7e1d-4d6b-9e10-d07672e8cfc7.jpg?v=1611841909,4,,,,,,,,,,,,,,,,,,,,,,,,,,
black-chunky-platform-block-heel-chelsea-boots,,,,,,,,,,,,,,,,,,,,,,,,https://cdn.shopify.com/s/files/1/0551/8001/products/black_chunky_platform_block_heel_chelsea_boots_5_b45a2cc7-867d-44a8-9514-ade148c43f7e.jpg?v=1611841909,5,,,,,,,,,,,,,,,,,,,,,,,,,,
black-canvas-stripe-sole-trainer,Black Canvas Stripe Sole Trainer,"<div class=""row"">
<div class=""content col-12 col-lg-6"">
<p class=""subtitle"">Subtitle</p>
<p>Adipiscing elit, sed do eiusmod tempor incididunt ut labore et dolore magna aliqua. Ut enim ad minim veniam, quis nostrud exercitation ullamco laboris nisi ut aliquip ex ea commodo consequat.</p>
<ul>
<li>Dolor sit amet, consectetur adipiscing elit</li>
<li>Sed do eiusmod tempor</li>
<li>ncididunt ut labore et dolore magna aliqua</li>
<li>Enim ad minim veniam</li>
</ul>
</div>
<div class=""image col-12 col-lg-6"">
<p><span><img alt="""" src=""https://cdn.shopify.com/s/files/1/0534/4690/1941/files/Rectangle_570x300.png?v=1611831450""></span></p>
</div>
</div>",Bershka,Shoes,"Bag, Boots, Polos, Trainer",true,Size,S,Color,Beige,Material,Cotton,'20003,4990.015021607,,100,continue,manual,70.00,75.00,true,true,"",https://cdn.shopify.com/s/files/1/0551/8001/products/black_canvas_stripe_sole_trainer_1_064e417e-408b-4549-b55f-d9135624eaca.jpg?v=1612426177,1,,false,,,,,,,,,,,,,,,,https://cdn.shopify.com/s/files/1/0551/8001/products/black_canvas_stripe_sole_trainer_1_064e417e-408b-4549-b55f-d9135624eaca.jpg?v=1612426177,lb,,,,,,,active
black-canvas-stripe-sole-trainer,,,,,,,,M,,Red,,Leather,'20005,5000.0,shopify,100,continue,manual,68.00,75.00,true,true,"",https://cdn.shopify.com/s/files/1/0551/8001/products/black_canvas_stripe_sole_trainer_2_99321ab3-c8ac-4755-b658-d12ab50b7f5a.jpg?v=1612426177,2,,,,,,,,,,,,,,,,,,https://cdn.shopify.com/s/files/1/0551/8001/products/black_canvas_stripe_sole_trainer_2_99321ab3-c8ac-4755-b658-d12ab50b7f5a.jpg?v=1612426177,kg,,,,,,,
black-canvas-stripe-sole-trainer,,,,,,,,L,,Blue,,Jersey,"",4990.015021607,shopify,0,deny,manual,70.00,75.00,true,true,"",https://cdn.shopify.com/s/files/1/0551/8001/products/black_canvas_stripe_sole_trainer_3_179d0240-4a08-4d7f-98a9-da8a8b589bf3.jpg?v=1612426177,3,,,,,,,,,,,,,,,,,,,lb,,,,,,,
black-canvas-stripe-sole-trainer,,,,,,,,XL,,Black,,Jersey,'20004,1134.0007696661876,shopify,3,deny,manual,65.00,70.00,true,true,"",https://cdn.shopify.com/s/files/1/0551/8001/products/black_canvas_stripe_sole_trainer_4_74b51dc1-cbb9-4ee4-9c98-4689de0642b0.jpg?v=1612426177,4,,,,,,,,,,,,,,,,,,https://cdn.shopify.com/s/files/1/0551/8001/products/black_canvas_stripe_sole_trainer_3_179d0240-4a08-4d7f-98a9-da8a8b589bf3.jpg?v=1612426177,oz,,,,,,,
black-canvas-stripe-sole-trainer,,,,,,,,XXL,,Blue,,Guipure,'20006,100.0,shopify,100,deny,manual,69.00,75.00,true,true,"",https://cdn.shopify.com/s/files/1/0551/8001/products/black_canvas_stripe_sole_trainer_5_a6799723-58a6-4417-9801-32b4fcf6db2d.jpg?v=1612426177,5,,,,,,,,,,,,,,,,,,https://cdn.shopify.com/s/files/1/0551/8001/products/black_canvas_stripe_sole_trainer_4_74b51dc1-cbb9-4ee4-9c98-4689de0642b0.jpg?v=1612426177,g,,,,,,,
black-canvas-stripe-sole-trainer,,,,,,,,M,,Green,,Cotton,"",4990.015021607,shopify,0,deny,manual,70.00,75.00,true,true,"",https://cdn.shopify.com/s/files/1/0551/8001/products/black_canvas_stripe_sole_trainer_4_8a1be26c-c4b7-4805-8e91-bf761e3c9516.jpg?v=1612426265,6,,,,,,,,,,,,,,,,,,,lb,,,,,,,
rainforest-twill-bomber-jacket,RainForest Twill Bomber Jacket,"<p>So, this circumstance forced all leading successful companies to explore all needs and wishes of different groups of potential clients very deeply. And that is why we are offering you the result of great market and technological research - our magnificent product. Our employees put in great efforts to make this commodity. Fashion has always been so temporary and uncertain.</p>",Clothing,Accessories,"",true,Title,Default,,,,,"",0.0,shopify,100,deny,manual,459.00,,true,true,,https://cdn.shopify.com/s/files/1/0551/8001/products/rainforest_twill_bomber_jacket_1.png?v=1403796557,1,,false,,,,,,,,,,,,,,,,,lb,,,,,,,active
rainforest-twill-bomber-jacket,,,,,,,,,,,,,,,,,,,,,,,,https://cdn.shopify.com/s/files/1/0551/8001/products/rainforest_twill_bomber_jacket_2.png?v=1403796557,2,,,,,,,,,,,,,,,,,,,,,,,,,,
rainforest-twill-bomber-jacket,,,,,,,,,,,,,,,,,,,,,,,,https://cdn.shopify.com/s/files/1/0551/8001/products/rainforest_twill_bomber_jacket_3.png?v=1403796557,3,,,,,,,,,,,,,,,,,,,,,,,,,,
packable-roll-sleeve-anorak,Packable Roll Sleeve Anorak,"<p>Because we all live in the time of total consuming of uncountable goods and services, and this has become the main reason for the rapid growth of a so-called culture of consumption in our society. So, this circumstance forced all leading successful companies to explore all needs and wishes of different groups of potential clients very deeply. Therefore being fashionable costs a lot of money.</p>",Clothing,Accessories,"",true,Title,Default,,,,,"",0.0,shopify,100,deny,manual,315.00,,true,true,,https://cdn.shopify.com/s/files/1/0551/8001/products/packable_roll_sleeve_anorak_1.png?v=1403796546,1,,false,,,,,,,,,,,,,,,,,lb,,,,,,,active
packable-roll-sleeve-anorak,,,,,,,,,,,,,,,,,,,,,,,,https://cdn.shopify.com/s/files/1/0551/8001/products/packable_roll_sleeve_anorak_2.png?v=1403796546,2,,,,,,,,,,,,,,,,,,,,,,,,,,
packable-roll-sleeve-anorak,,,,,,,,,,,,,,,,,,,,,,,,https://cdn.shopify.com/s/files/1/0551/8001/products/packable_roll_sleeve_anorak_3.png?v=1403796546,3,,,,,,,,,,,,,,,,,,,,,,,,,,
moncler-rod-quilted-down-parka-with-genuine-coyote-fur-trim,Moncler 'Rod' Quilted Down Parka with Genuine Coyote Fur Trim,"<p>It will suit you best of all. Because we all live in the time of total consuming of uncountable goods and services, and this has become the main reason for the rapid growth of a so-called culture of consumption in our society. So, this circumstance forced all leading successful companies to explore all needs and wishes of different groups of potential clients very deeply.</p>",Clothing,Accessories,"",true,Title,Default,,,,,"",0.0,shopify,100,deny,manual,265.00,,true,true,,https://cdn.shopify.com/s/files/1/0551/8001/products/moncler_rod_quilted_down_parka_with_genuine_coyote_fur_trim_1.png?v=1403796538,1,,false,,,,,,,,,,,,,,,,,lb,,,,,,,active
moncler-rod-quilted-down-parka-with-genuine-coyote-fur-trim,,,,,,,,,,,,,,,,,,,,,,,,https://cdn.shopify.com/s/files/1/0551/8001/products/moncler_rod_quilted_down_parka_with_genuine_coyote_fur_trim_2.png?v=1403796538,2,,,,,,,,,,,,,,,,,,,,,,,,,,
moncler-rod-quilted-down-parka-with-genuine-coyote-fur-trim,,,,,,,,,,,,,,,,,,,,,,,,https://cdn.shopify.com/s/files/1/0551/8001/products/moncler_rod_quilted_down_parka_with_genuine_coyote_fur_trim_3.png?v=1403796538,3,,,,,,,,,,,,,,,,,,,,,,,,,,
long-sleeve-jersey-tee,Long Sleeve Jersey Tee,"<p>Here you can find garments of all sizes, colors, styles and fabrics. It will suit you best of all. Because we all live in the time of total consuming of uncountable goods and services, and this has become the main reason for the rapid growth of a so-called culture of consumption in our society. We are lucky to have an opportunity to buy qualitative, fashionable and affordable clothes.</p>",Clothing,Accessories,"",true,Title,Default,,,,,"",0.0,shopify,100,deny,manual,320.00,,true,true,,https://cdn.shopify.com/s/files/1/0551/8001/products/long_sleeve_jersey_tee_1.png?v=1403796525,1,,false,,,,,,,,,,,,,,,,,lb,,,,,,,active
long-sleeve-jersey-tee,,,,,,,,,,,,,,,,,,,,,,,,https://cdn.shopify.com/s/files/1/0551/8001/products/long_sleeve_jersey_tee_2.png?v=1403796525,2,,,,,,,,,,,,,,,,,,,,,,,,,,
long-sleeve-jersey-tee,,,,,,,,,,,,,,,,,,,,,,,,https://cdn.shopify.com/s/files/1/0551/8001/products/long_sleeve_jersey_tee_3.png?v=1403796525,3,,,,,,,,,,,,,,,,,,,,,,,,,,
lace-sheath-dress,Lace Sheath Dress,"<p>The main reason of buying our clothes is the unique combination of fair price, extraordinary style and perfect quality. Here you can find garments of all sizes, colors, styles and fabrics. It will suit you best of all. So, this circumstance forced all leading successful companies to explore all needs and wishes of different groups of potential clients very deeply.</p>",Clothing,Accessories,"",true,Title,Default,,,,,"",0.0,shopify,100,deny,manual,170.00,,true,true,,https://cdn.shopify.com/s/files/1/0551/8001/products/lace_sheath_dress_1.png?v=1403796515,1,,false,,,,,,,,,,,,,,,,,lb,,,,,,,active
lace-sheath-dress,,,,,,,,,,,,,,,,,,,,,,,,https://cdn.shopify.com/s/files/1/0551/8001/products/lace_sheath_dress_2.png?v=1403796515,2,,,,,,,,,,,,,,,,,,,,,,,,,,
lace-sheath-dress,,,,,,,,,,,,,,,,,,,,,,,,https://cdn.shopify.com/s/files/1/0551/8001/products/lace_sheath_dress_3.png?v=1403796515,3,,,,,,,,,,,,,,,,,,,,,,,,,,
knit-skater-skirt-juniors,Knit Skater Skirt (Juniors),"<p>And it is good for you because as we all know people change their claims with the course of time, and our good will be actual for a long time. The main reason of buying our clothes is the unique combination of fair price, extraordinary style and perfect quality. Here you can find garments of all sizes, colors, styles and fabrics. It will suit you best of all.</p>",Clothing,Accessories,Sit amet,true,Title,Default,,,,,"",0.0,shopify,99,deny,manual,420.00,,true,true,,https://cdn.shopify.com/s/files/1/0551/8001/products/knit_skater_skirt_juniors_1.png?v=1403796506,1,,false,,,,,,,,,,,,,,,,,lb,,,,,,,active
knit-skater-skirt-juniors,,,,,,,,,,,,,,,,,,,,,,,,https://cdn.shopify.com/s/files/1/0551/8001/products/knit_skater_skirt_juniors_2.png?v=1403796506,2,,,,,,,,,,,,,,,,,,,,,,,,,,
knit-skater-skirt-juniors,,,,,,,,,,,,,,,,,,,,,,,,https://cdn.shopify.com/s/files/1/0551/8001/products/knit_skater_skirt_juniors_3.png?v=1403796506,3,,,,,,,,,,,,,,,,,,,,,,,,,,
kencott-patch-pocket-quilted-coat,Kencott' Patch Pocket Quilted Coat,"<p>We assure you it is really important, it shows that our good has such capacity as flexibility. And it is good for you because as we all know people change their claims with the course of time, and our good will be actual for a long time. The main reason of buying our clothes is the unique combination of fair price, extraordinary style and perfect quality.</p>",Clothing,Jeans,Sit amet,true,Title,Default,,,,,"",0.0,shopify,100,deny,manual,399.00,,true,true,,https://cdn.shopify.com/s/files/1/0551/8001/products/kencott_patch_pocket_quilted_coat_1.png?v=1403796496,1,,false,,,,,,,,,,,,,,,,,lb,,,,,,,active
kencott-patch-pocket-quilted-coat,,,,,,,,,,,,,,,,,,,,,,,,https://cdn.shopify.com/s/files/1/0551/8001/products/kencott_patch_pocket_quilted_coat_2.png?v=1403796496,2,,,,,,,,,,,,,,,,,,,,,,,,,,
kencott-patch-pocket-quilted-coat,,,,,,,,,,,,,,,,,,,,,,,,https://cdn.shopify.com/s/files/1/0551/8001/products/kencott_patch_pocket_quilted_coat_3.png?v=1403796496,3,,,,,,,,,,,,,,,,,,,,,,,,,,
hurley-quad-stripe-v-neck-sweater,Hurley 'Quad' Stripe V-Neck Sweater,"<p>Our product is universal because it suits different customers with different demands. We assure you it is really important, it shows that our good has such capacity as flexibility. And it is good for you because as we all know people change their claims with the course of time, and our good will be actual for a long time. And also fashion is the detector of prosperity and social rank.</p>",Clothing,Jeans,Sit amet,true,Title,Default,,,,,"",0.0,shopify,100,deny,manual,78.00,100.00,true,true,,https://cdn.shopify.com/s/files/1/0551/8001/products/hurley_quad_stripe_v-neck_sweater_1.png?v=1403796485,1,,false,,,,,,,,,,,,,,,,,lb,,,,,,,active
hurley-quad-stripe-v-neck-sweater,,,,,,,,,,,,,,,,,,,,,,,,https://cdn.shopify.com/s/files/1/0551/8001/products/hurley_quad_stripe_v-neck_sweater_2.png?v=1403796485,2,,,,,,,,,,,,,,,,,,,,,,,,,,
hurley-quad-stripe-v-neck-sweater,,,,,,,,,,,,,,,,,,,,,,,,https://cdn.shopify.com/s/files/1/0551/8001/products/hurley_quad_stripe_v-neck_sweater_3.png?v=1403796485,3,,,,,,,,,,,,,,,,,,,,,,,,,,
hurley-covert-shred-ripstop-jacket,Hurley 'Covert Shred' Ripstop Jacket,"<p>So, with the great pleasure we are offering you our goods, and we are sure that only our choices of garments will suit you best. Our product is universal because it suits different customers with different demands. We assure you it is really important, it shows that our good has such capacity as flexibility. Here you can find garments of all sizes, colors, styles and fabrics.</p>",Oakley,Jackets,"black, gray, Jackets, Oakley, Sit amet",true,Title,Default,,,,,"",0.0,shopify,100,deny,manual,60.00,,true,true,"",https://cdn.shopify.com/s/files/1/0551/8001/products/hurley_covert_shred_ripstop_jacket_1.png?v=1403796473,1,,false,,,,,,,,,,,,,,,,,lb,,,,,,,active
hurley-covert-shred-ripstop-jacket,,,,,,,,,,,,,,,,,,,,,,,,https://cdn.shopify.com/s/files/1/0551/8001/products/hurley_covert_shred_ripstop_jacket_2.png?v=1403796473,2,,,,,,,,,,,,,,,,,,,,,,,,,,
hurley-covert-shred-ripstop-jacket,,,,,,,,,,,,,,,,,,,,,,,,https://cdn.shopify.com/s/files/1/0551/8001/products/hurley_covert_shred_ripstop_jacket_3.png?v=1403796473,3,,,,,,,,,,,,,,,,,,,,,,,,,,
hugo-eneor-slim-fit-shirt,HUGO 'Eneor' Slim Fit Shirt,"<p>We are lucky to have an opportunity to buy qualitative, fashionable and affordable clothes. So, with the great pleasure we are offering you our goods, and we are sure that only our choices of garments will suit you best. Our product is universal because it suits different customers with different demands. Here you can find garments of all sizes, colors, styles and fabrics.</p>",H&M,Shirts,"blue, gray, H&M, purple, Shirts",true,Title,Default,,,,,"",0.0,shopify,100,deny,manual,199.00,,true,true,"",https://cdn.shopify.com/s/files/1/0551/8001/products/hugo_eneor_slim_fit_shirt_1.png?v=1403796461,1,,false,,,,,,,,,,,,,,,,,lb,,,,,,,active
hugo-eneor-slim-fit-shirt,,,,,,,,,,,,,,,,,,,,,,,,https://cdn.shopify.com/s/files/1/0551/8001/products/hugo_eneor_slim_fit_shirt_2.png?v=1403796461,2,,,,,,,,,,,,,,,,,,,,,,,,,,
hugo-eneor-slim-fit-shirt,,,,,,,,,,,,,,,,,,,,,,,,https://cdn.shopify.com/s/files/1/0551/8001/products/hugo_eneor_slim_fit_shirt_3.png?v=1403796461,3,,,,,,,,,,,,,,,,,,,,,,,,,,
hugo-dojan-short-sleeve-knit-shirt,HUGO 'Dojan' Short Sleeve Knit Shirt,"<p>But nowadays fashion is not that unavailable as it was a couple of centuries ago. We are lucky to have an opportunity to buy qualitative, fashionable and affordable clothes. So, with the great pleasure we are offering you our goods, and we are sure that only our choices of garments will suit you best. Our product is universal because it suits different customers with different demands.</p>",OldNavy,Jeans,"green, Jeans, OldNavy, red",true,Title,Default,,,,,"",0.0,shopify,100,deny,manual,265.00,,true,true,"",https://cdn.shopify.com/s/files/1/0551/8001/products/hugo_dojan_short_sleeve_knit_shirt_1.png?v=1403796449,1,,false,,,,,,,,,,,,,,,,,lb,,,,,,,active
hugo-dojan-short-sleeve-knit-shirt,,,,,,,,,,,,,,,,,,,,,,,,https://cdn.shopify.com/s/files/1/0551/8001/products/hugo_dojan_short_sleeve_knit_shirt_2.png?v=1403796449,2,,,,,,,,,,,,,,,,,,,,,,,,,,
hugo-dojan-short-sleeve-knit-shirt,,,,,,,,,,,,,,,,,,,,,,,,https://cdn.shopify.com/s/files/1/0551/8001/products/hugo_dojan_short_sleeve_knit_shirt_3.png?v=1403796449,3,,,,,,,,,,,,,,,,,,,,,,,,,,
hooded-wool-blend-coat-with-leather-belt,Hooded Wool Blend Coat with Leather Belt,"<p>Therefore being fashionable costs a lot of money. But nowadays fashion is not that unavailable as it was a couple of centuries ago. We are lucky to have an opportunity to buy qualitative, fashionable and affordable clothes. So, with the great pleasure we are offering you our goods, and we are sure that only our choices of garments will suit you best. You can't keep up with it.</p>",Clothing,Jeans,Dolor,true,Title,Default,,,,,"",0.0,shopify,100,deny,manual,320.00,400.00,true,true,"",https://cdn.shopify.com/s/files/1/0551/8001/products/hooded_wool_blend_coat_with_leather_belt_1.png?v=1403796438,1,,false,,,,,,,,,,,,,,,,,lb,,,,,,,active
hooded-wool-blend-coat-with-leather-belt,,,,,,,,,,,,,,,,,,,,,,,,https://cdn.shopify.com/s/files/1/0551/8001/products/hooded_wool_blend_coat_with_leather_belt_2.png?v=1403796438,2,,,,,,,,,,,,,,,,,,,,,,,,,,
hooded-wool-blend-coat-with-leather-belt,,,,,,,,,,,,,,,,,,,,,,,,https://cdn.shopify.com/s/files/1/0551/8001/products/hooded_wool_blend_coat_with_leather_belt_3.png?v=1403796438,3,,,,,,,,,,,,,,,,,,,,,,,,,,
engineered-rib-cashmere-cardigan,Engineered Rib Cashmere Cardigan,"<p>So, our natural desire to wear fashionable clothes has many reasons such as historical, social and others. Therefore being fashionable costs a lot of money. But nowadays fashion is not that unavailable as it was a couple of centuries ago. We are lucky to have an opportunity to buy qualitative, fashionable and affordable clothes. Here you can find garments of all sizes, colors, styles and fabrics.</p>",Clothing,Sweaters,Dolor,true,Title,Default,,,,,"",0.0,shopify,99,deny,manual,170.00,,true,true,,https://cdn.shopify.com/s/files/1/0551/8001/products/engineered_rib_cashmere_cardigan_1.png?v=1403796428,1,,false,,,,,,,,,,,,,,,,,lb,,,,,,,active
engineered-rib-cashmere-cardigan,,,,,,,,,,,,,,,,,,,,,,,,https://cdn.shopify.com/s/files/1/0551/8001/products/engineered_rib_cashmere_cardigan_2.png?v=1403796428,2,,,,,,,,,,,,,,,,,,,,,,,,,,
engineered-rib-cashmere-cardigan,,,,,,,,,,,,,,,,,,,,,,,,https://cdn.shopify.com/s/files/1/0551/8001/products/engineered_rib_cashmere_cardigan_3.png?v=1403796428,3,,,,,,,,,,,,,,,,,,,,,,,,,,
cotton-blouse-regular-petite,Cotton Blouse (Regular & Petite),"<p>And also fashion is the detector of prosperity and social rank. So, our natural desire to wear fashionable clothes has many reasons such as historical, social and others. Therefore being fashionable costs a lot of money. But nowadays fashion is not that unavailable as it was a couple of centuries ago. We are lucky to have an opportunity to buy qualitative, fashionable and affordable clothes.</p>",Clothing,Sweaters,Dolor,true,Title,Default,,,,,"",0.0,shopify,99,deny,manual,420.00,,true,true,,https://cdn.shopify.com/s/files/1/0551/8001/products/cotton_blouse_regular_and_petite_1.png?v=1403796418,1,,false,,,,,,,,,,,,,,,,,lb,,,,,,,active
cotton-blouse-regular-petite,,,,,,,,,,,,,,,,,,,,,,,,https://cdn.shopify.com/s/files/1/0551/8001/products/cotton_blouse_regular_and_petite_2.png?v=1403796418,2,,,,,,,,,,,,,,,,,,,,,,,,,,
cotton-blouse-regular-petite,,,,,,,,,,,,,,,,,,,,,,,,https://cdn.shopify.com/s/files/1/0551/8001/products/cotton_blouse_regular_and_petite_3.png?v=1403796418,3,,,,,,,,,,,,,,,,,,,,,,,,,,
cashmere-sweater,Cashmere Sweater,"<p>Obviously there is nothing wrong about it because fashion satisfies our willingness to be attractive. And also fashion is the detector of prosperity and social rank. So, our natural desire to wear fashionable clothes has many reasons such as historical, social and others. Therefore being fashionable costs a lot of money. It will suit you best of all.</p>",Clothing,Sweaters,Lorem ipsum,true,Title,Default,,,,,"",0.0,shopify,100,deny,manual,399.00,500.00,true,true,,https://cdn.shopify.com/s/files/1/0551/8001/products/cashmere_sweater_1.png?v=1403796406,1,,false,,,,,,,,,,,,,,,,,lb,,,,,,,active
cashmere-sweater,,,,,,,,,,,,,,,,,,,,,,,,https://cdn.shopify.com/s/files/1/0551/8001/products/cashmere_sweater_2.png?v=1403796406,2,,,,,,,,,,,,,,,,,,,,,,,,,,
cashmere-sweater,,,,,,,,,,,,,,,,,,,,,,,,https://cdn.shopify.com/s/files/1/0551/8001/products/cashmere_sweater_3.png?v=1403796406,3,,,,,,,,,,,,,,,,,,,,,,,,,,
boss-black-cotton-v-neck-sweater,BOSS Black Cotton V-Neck Sweater,"<p>This social phenomenon is very whimsical, thus we as the consumers always try to stay in touch with all the latest fashion tendencies. Obviously there is nothing wrong about it because fashion satisfies our willingness to be attractive. And also fashion is the detector of prosperity and social rank. But nowadays fashion is not that unavailable as it was a couple of centuries ago.</p>",H&M,Sweaters,"bershka, black, blue, gray, H&M, Sweaters",true,Title,Default,,,,,"",0.0,shopify,100,deny,manual,78.00,,true,true,"",https://cdn.shopify.com/s/files/1/0551/8001/products/boss_black_cotton_v-neck_sweater_1.png?v=1403796398,1,,false,,,,,,,,,,,,,,,,,lb,,,,,,,active
boss-black-cotton-v-neck-sweater,,,,,,,,,,,,,,,,,,,,,,,,https://cdn.shopify.com/s/files/1/0551/8001/products/boss_black_cotton_v-neck_sweater_2.png?v=1403796398,2,,,,,,,,,,,,,,,,,,,,,,,,,,
boss-black-cotton-v-neck-sweater,,,,,,,,,,,,,,,,,,,,,,,,https://cdn.shopify.com/s/files/1/0551/8001/products/boss_black_cotton_v-neck_sweater_3.png?v=1403796398,3,,,,,,,,,,,,,,,,,,,,,,,,,,
boss-black-colbar-virgin-wool-field-jacket,BOSS Black 'Colbar' Virgin Wool Field Jacket,"<p>You can't keep up with it. This social phenomenon is very whimsical, thus we as the consumers always try to stay in touch with all the latest fashion tendencies. Obviously there is nothing wrong about it because fashion satisfies our willingness to be attractive. And also fashion is the detector of prosperity and social rank. Therefore being fashionable costs a lot of money.</p>",Clothing,Sweaters,"black, blue, Clothing, gray, Sweaters",true,Title,Default,,,,,"",0.0,shopify,100,deny,manual,60.00,,true,true,"",https://cdn.shopify.com/s/files/1/0551/8001/products/boss_black_colbar_virgin_wool_field_jacket_1.png?v=1403796387,1,,false,,,,,,,,,,,,,,,,,lb,,,,,,,active
boss-black-colbar-virgin-wool-field-jacket,,,,,,,,,,,,,,,,,,,,,,,,https://cdn.shopify.com/s/files/1/0551/8001/products/boss_black_colbar_virgin_wool_field_jacket_2.png?v=1403796387,2,,,,,,,,,,,,,,,,,,,,,,,,,,
boss-black-colbar-virgin-wool-field-jacket,,,,,,,,,,,,,,,,,,,,,,,,https://cdn.shopify.com/s/files/1/0551/8001/products/boss_black_colbar_virgin_wool_field_jacket_3.png?v=1403796387,3,,,,,,,,,,,,,,,,,,,,,,,,,,
asher-v-neck-cashmere-sweater,Asher' V-Neck Cashmere Sweater,"<p>Fashion has always been so temporary and uncertain. You can't keep up with it. This social phenomenon is very whimsical, thus we as the consumers always try to stay in touch with all the latest fashion tendencies. Obviously there is nothing wrong about it because fashion satisfies our willingness to be attractive. And also fashion is the detector of prosperity and social rank.</p>",Clothing,Sweaters,"Bag, Boots, Lorem ipsum",true,Title,Default,,,,,"",0.0,shopify,99,deny,manual,199.00,220.00,true,true,"",https://cdn.shopify.com/s/files/1/0551/8001/products/asher_v-neck_cashmere_sweater_1.png?v=1613113189,1,,false,,,,,,,,,,,,,,,,,lb,,,,,,,active
asher-v-neck-cashmere-sweater,,,,,,,,,,,,,,,,,,,,,,,,https://cdn.shopify.com/s/files/1/0551/8001/products/asher_v-neck_cashmere_sweater_2.png?v=1613113189,2,,,,,,,,,,,,,,,,,,,,,,,,,,
asher-v-neck-cashmere-sweater,,,,,,,,,,,,,,,,,,,,,,,,https://cdn.shopify.com/s/files/1/0551/8001/products/asher_v-neck_cashmere_sweater_3.png?v=1613113189,3,,,,,,,,,,,,,,,,,,,,,,,,,,
